"level","week","lesson_origin","question","response_type","answer","visual","read_aloud"
"3","1","1","What Changes?: what number replaces the question mark?","typed_response","3","pattern_sequence_strip","What Changes?: what number replaces the question mark? Type the missing value in the question mark."
"3","1","1","What Changes?: what number replaces the question mark?","typed_response","24","pattern_sequence_strip","What Changes?: what number replaces the question mark? Type the missing value in the question mark."
"3","1","1","What Changes?: what number replaces the question mark?","typed_response","5","pattern_sequence_strip","What Changes?: what number replaces the question mark? Type the missing value in the question mark."
"3","1","1","What Changes?: what number replaces the question mark?","typed_response","40","pattern_sequence_strip","What Changes?: what number replaces the question mark? Type the missing value in the question mark."
"3","1","1","What Changes?: what number replaces the question mark?","typed_response","7","pattern_sequence_strip","What Changes?: what number replaces the question mark? Type the missing value in the question mark."
"3","1","2","Double or Halve: what number replaces the question mark?","typed_response","8","pattern_sequence_strip","Double or Halve: what number replaces the question mark? Type the missing value in the question mark."
"3","1","2","Double or Halve: what number replaces the question mark?","typed_response","8","pattern_sequence_strip","Double or Halve: what number replaces the question mark? Type the missing value in the question mark."
"3","1","2","Double or Halve: what number replaces the question mark?","typed_response","16","pattern_sequence_strip","Double or Halve: what number replaces the question mark? Type the missing value in the question mark."
"3","1","2","Double or Halve: what number replaces the question mark?","typed_response","12","pattern_sequence_strip","Double or Halve: what number replaces the question mark? Type the missing value in the question mark."
"3","1","2","Double or Halve: what number replaces the question mark?","typed_response","24","pattern_sequence_strip","Double or Halve: what number replaces the question mark? Type the missing value in the question mark."
"3","1","3","Find the Broken Step: what number replaces the question mark?","typed_response","3","pattern_sequence_strip","Find the Broken Step: what number replaces the question mark? Type the missing value in the question mark."
"3","1","3","Find the Broken Step: what number replaces the question mark?","typed_response","24","pattern_sequence_strip","Find the Broken Step: what number replaces the question mark? Type the missing value in the question mark."
"3","1","3","Find the Broken Step: what number replaces the question mark?","typed_response","5","pattern_sequence_strip","Find the Broken Step: what number replaces the question mark? Type the missing value in the question mark."
"3","1","3","Find the Broken Step: what number replaces the question mark?","typed_response","40","pattern_sequence_strip","Find the Broken Step: what number replaces the question mark? Type the missing value in the question mark."
"3","1","3","Find the Broken Step: what number replaces the question mark?","typed_response","7","pattern_sequence_strip","Find the Broken Step: what number replaces the question mark? Type the missing value in the question mark."
"3","2","1","Continue the Sequence: what number replaces the question mark?","typed_response","3","pattern_sequence_strip","Continue the Sequence: what number replaces the question mark? Type the missing value in the question mark."
"3","2","1","Continue the Sequence: what number replaces the question mark?","typed_response","24","pattern_sequence_strip","Continue the Sequence: what number replaces the question mark? Type the missing value in the question mark."
"3","2","1","Continue the Sequence: what number replaces the question mark?","typed_response","5","pattern_sequence_strip","Continue the Sequence: what number replaces the question mark? Type the missing value in the question mark."
"3","2","1","Continue the Sequence: what number replaces the question mark?","typed_response","40","pattern_sequence_strip","Continue the Sequence: what number replaces the question mark? Type the missing value in the question mark."
"3","2","1","Continue the Sequence: what number replaces the question mark?","typed_response","7","pattern_sequence_strip","Continue the Sequence: what number replaces the question mark? Type the missing value in the question mark."
"3","2","2","Missing Terms: what number replaces the question mark?","typed_response","8","pattern_sequence_strip","Missing Terms: what number replaces the question mark? Type the missing value in the question mark."
"3","2","2","Missing Terms: what number replaces the question mark?","typed_response","8","pattern_sequence_strip","Missing Terms: what number replaces the question mark? Type the missing value in the question mark."
"3","2","2","Missing Terms: what number replaces the question mark?","typed_response","16","pattern_sequence_strip","Missing Terms: what number replaces the question mark? Type the missing value in the question mark."
"3","2","2","Missing Terms: what number replaces the question mark?","typed_response","12","pattern_sequence_strip","Missing Terms: what number replaces the question mark? Type the missing value in the question mark."
"3","2","2","Missing Terms: what number replaces the question mark?","typed_response","24","pattern_sequence_strip","Missing Terms: what number replaces the question mark? Type the missing value in the question mark."
"3","2","3","Create a Pattern: what number replaces the question mark?","typed_response","3","pattern_sequence_strip","Create a Pattern: what number replaces the question mark? Type the missing value in the question mark."
"3","2","3","Create a Pattern: what number replaces the question mark?","typed_response","24","pattern_sequence_strip","Create a Pattern: what number replaces the question mark? Type the missing value in the question mark."
"3","2","3","Create a Pattern: what number replaces the question mark?","typed_response","5","pattern_sequence_strip","Create a Pattern: what number replaces the question mark? Type the missing value in the question mark."
"3","2","3","Create a Pattern: what number replaces the question mark?","typed_response","40","pattern_sequence_strip","Create a Pattern: what number replaces the question mark? Type the missing value in the question mark."
"3","2","3","Create a Pattern: what number replaces the question mark?","typed_response","7","pattern_sequence_strip","Create a Pattern: what number replaces the question mark? Type the missing value in the question mark."
"3","3","1","Run the input through the rule. What is the output?","typed_response","16","function_machine_card","Run the input through the rule. What is the output? Type the missing value in the question mark."
"3","3","1","Run the input through the rule. What is the output?","typed_response","6","function_machine_card","Run the input through the rule. What is the output? Type the missing value in the question mark."
"3","3","1","Run the input through the rule. What is the output?","typed_response","14","function_machine_card","Run the input through the rule. What is the output? Type the missing value in the question mark."
"3","3","1","Run the input through the rule. What is the output?","typed_response","22","function_machine_card","Run the input through the rule. What is the output? Type the missing value in the question mark."
"3","3","1","Run the input through the rule. What is the output?","typed_response","9","function_machine_card","Run the input through the rule. What is the output? Type the missing value in the question mark."
"3","3","2","Which rule matches every input and output?","multiple_choice","− 3","input_output_table","Which rule matches every input and output? Options: − 3, + 4, × 2."
"3","3","2","Which rule matches every input and output?","multiple_choice","+ 4","input_output_table","Which rule matches every input and output? Options: × 2, + 4, − 3."
"3","3","2","Which rule matches every input and output?","multiple_choice","× 2","input_output_table","Which rule matches every input and output? Options: + 4, − 3, × 2."
"3","3","2","Which rule matches every input and output?","multiple_choice","− 3","input_output_table","Which rule matches every input and output? Options: − 3, + 4, × 2."
"3","3","2","Which rule matches every input and output?","multiple_choice","+ 4","input_output_table","Which rule matches every input and output? Options: × 2, + 4, − 3."
"3","3","3","Run the input through the rule. What is the output?","typed_response","10","function_machine_card","Run the input through the rule. What is the output? Type the missing value in the question mark."
"3","3","3","Run the input through the rule. What is the output?","typed_response","14","function_machine_card","Run the input through the rule. What is the output? Type the missing value in the question mark."
"3","3","3","Run the input through the rule. What is the output?","typed_response","5","function_machine_card","Run the input through the rule. What is the output? Type the missing value in the question mark."
"3","3","3","Run the input through the rule. What is the output?","typed_response","13","function_machine_card","Run the input through the rule. What is the output? Type the missing value in the question mark."
"3","3","3","Run the input through the rule. What is the output?","typed_response","20","function_machine_card","Run the input through the rule. What is the output? Type the missing value in the question mark."
"3","4","1","Use subtraction to undo the addition. Find the missing addend.","typed_response","48","inverse_step_card","Use subtraction to undo the addition. Find the missing addend. Type the missing value in the question mark."
"3","4","1","Use subtraction to undo the addition. Find the missing addend.","typed_response","48","inverse_step_card","Use subtraction to undo the addition. Find the missing addend. Type the missing value in the question mark."
"3","4","1","Use subtraction to undo the addition. Find the missing addend.","typed_response","48","inverse_step_card","Use subtraction to undo the addition. Find the missing addend. Type the missing value in the question mark."
"3","4","1","Use subtraction to undo the addition. Find the missing addend.","typed_response","48","inverse_step_card","Use subtraction to undo the addition. Find the missing addend. Type the missing value in the question mark."
"3","4","1","Use subtraction to undo the addition. Find the missing addend.","typed_response","48","inverse_step_card","Use subtraction to undo the addition. Find the missing addend. Type the missing value in the question mark."
"3","4","2","Use the inverse relationship. What number makes the equation true?","typed_response","7","inverse_step_card","Use the inverse relationship. What number makes the equation true? Type the missing value in the question mark."
"3","4","2","Use the inverse relationship. What number makes the equation true?","typed_response","8","inverse_step_card","Use the inverse relationship. What number makes the equation true? Type the missing value in the question mark."
"3","4","2","Use the inverse relationship. What number makes the equation true?","typed_response","2","inverse_step_card","Use the inverse relationship. What number makes the equation true? Type the missing value in the question mark."
"3","4","2","Use the inverse relationship. What number makes the equation true?","typed_response","3","inverse_step_card","Use the inverse relationship. What number makes the equation true? Type the missing value in the question mark."
"3","4","2","Use the inverse relationship. What number makes the equation true?","typed_response","4","inverse_step_card","Use the inverse relationship. What number makes the equation true? Type the missing value in the question mark."
"3","4","3","Use the inverse relationship. What number makes the equation true?","typed_response","5","inverse_step_card","Use the inverse relationship. What number makes the equation true? Type the missing value in the question mark."
"3","4","3","Use the inverse relationship. What number makes the equation true?","typed_response","6","inverse_step_card","Use the inverse relationship. What number makes the equation true? Type the missing value in the question mark."
"3","4","3","Use the inverse relationship. What number makes the equation true?","typed_response","7","inverse_step_card","Use the inverse relationship. What number makes the equation true? Type the missing value in the question mark."
"3","4","3","Use the inverse relationship. What number makes the equation true?","typed_response","8","inverse_step_card","Use the inverse relationship. What number makes the equation true? Type the missing value in the question mark."
"3","4","3","Use the inverse relationship. What number makes the equation true?","typed_response","2","inverse_step_card","Use the inverse relationship. What number makes the equation true? Type the missing value in the question mark."
"3","5","1","Keep both sides equal. What number replaces the question mark?","typed_response","32","balance_equation_card","Keep both sides equal. What number replaces the question mark? Type the missing value in the question mark."
"3","5","1","Keep both sides equal. What number replaces the question mark?","typed_response","33","balance_equation_card","Keep both sides equal. What number replaces the question mark? Type the missing value in the question mark."
"3","5","1","Keep both sides equal. What number replaces the question mark?","typed_response","23","balance_equation_card","Keep both sides equal. What number replaces the question mark? Type the missing value in the question mark."
"3","5","1","Keep both sides equal. What number replaces the question mark?","typed_response","24","balance_equation_card","Keep both sides equal. What number replaces the question mark? Type the missing value in the question mark."
"3","5","1","Keep both sides equal. What number replaces the question mark?","typed_response","25","balance_equation_card","Keep both sides equal. What number replaces the question mark? Type the missing value in the question mark."
"3","5","2","Keep both sides equal. What number replaces the question mark?","typed_response","26","balance_equation_card","Keep both sides equal. What number replaces the question mark? Type the missing value in the question mark."
"3","5","2","Keep both sides equal. What number replaces the question mark?","typed_response","27","balance_equation_card","Keep both sides equal. What number replaces the question mark? Type the missing value in the question mark."
"3","5","2","Keep both sides equal. What number replaces the question mark?","typed_response","28","balance_equation_card","Keep both sides equal. What number replaces the question mark? Type the missing value in the question mark."
"3","5","2","Keep both sides equal. What number replaces the question mark?","typed_response","29","balance_equation_card","Keep both sides equal. What number replaces the question mark? Type the missing value in the question mark."
"3","5","2","Keep both sides equal. What number replaces the question mark?","typed_response","21","balance_equation_card","Keep both sides equal. What number replaces the question mark? Type the missing value in the question mark."
"3","5","3","Keep both sides equal. What number replaces the question mark?","typed_response","22","balance_equation_card","Keep both sides equal. What number replaces the question mark? Type the missing value in the question mark."
"3","5","3","Keep both sides equal. What number replaces the question mark?","typed_response","23","balance_equation_card","Keep both sides equal. What number replaces the question mark? Type the missing value in the question mark."
"3","5","3","Keep both sides equal. What number replaces the question mark?","typed_response","24","balance_equation_card","Keep both sides equal. What number replaces the question mark? Type the missing value in the question mark."
"3","5","3","Keep both sides equal. What number replaces the question mark?","typed_response","14","balance_equation_card","Keep both sides equal. What number replaces the question mark? Type the missing value in the question mark."
"3","5","3","Keep both sides equal. What number replaces the question mark?","typed_response","15","balance_equation_card","Keep both sides equal. What number replaces the question mark? Type the missing value in the question mark."
"3","6","1","Find the unknown value.","typed_response","11","unknown_tile_equation","Find the unknown value. Type the missing value in the question mark."
"3","6","1","Find the unknown value.","typed_response","12","unknown_tile_equation","Find the unknown value. Type the missing value in the question mark."
"3","6","1","Find the unknown value.","typed_response","13","unknown_tile_equation","Find the unknown value. Type the missing value in the question mark."
"3","6","1","Find the unknown value.","typed_response","14","unknown_tile_equation","Find the unknown value. Type the missing value in the question mark."
"3","6","1","Find the unknown value.","typed_response","15","unknown_tile_equation","Find the unknown value. Type the missing value in the question mark."
"3","6","2","Find the unknown value.","typed_response","8","unknown_tile_equation","Find the unknown value. Type the missing value in the question mark."
"3","6","2","Find the unknown value.","typed_response","9","unknown_tile_equation","Find the unknown value. Type the missing value in the question mark."
"3","6","2","Find the unknown value.","typed_response","2","unknown_tile_equation","Find the unknown value. Type the missing value in the question mark."
"3","6","2","Find the unknown value.","typed_response","3","unknown_tile_equation","Find the unknown value. Type the missing value in the question mark."
"3","6","2","Find the unknown value.","typed_response","4","unknown_tile_equation","Find the unknown value. Type the missing value in the question mark."
"3","6","3","Find the unknown value.","typed_response","21","unknown_tile_equation","Find the unknown value. Type the missing value in the question mark."
"3","6","3","Find the unknown value.","typed_response","22","unknown_tile_equation","Find the unknown value. Type the missing value in the question mark."
"3","6","3","Find the unknown value.","typed_response","23","unknown_tile_equation","Find the unknown value. Type the missing value in the question mark."
"3","6","3","Find the unknown value.","typed_response","24","unknown_tile_equation","Find the unknown value. Type the missing value in the question mark."
"3","6","3","Find the unknown value.","typed_response","25","unknown_tile_equation","Find the unknown value. Type the missing value in the question mark."
"3","7","1","Use the smaller known fact to calculate the larger related fact.","typed_response","150","expression_flow","Use the smaller known fact to calculate the larger related fact. Type the missing value in the question mark."
"3","7","1","Use the smaller known fact to calculate the larger related fact.","typed_response","170","expression_flow","Use the smaller known fact to calculate the larger related fact. Type the missing value in the question mark."
"3","7","1","Use the smaller known fact to calculate the larger related fact.","typed_response","190","expression_flow","Use the smaller known fact to calculate the larger related fact. Type the missing value in the question mark."
"3","7","1","Use the smaller known fact to calculate the larger related fact.","typed_response","140","expression_flow","Use the smaller known fact to calculate the larger related fact. Type the missing value in the question mark."
"3","7","1","Use the smaller known fact to calculate the larger related fact.","typed_response","160","expression_flow","Use the smaller known fact to calculate the larger related fact. Type the missing value in the question mark."
"3","7","2","Use the known fact to find the next product.","typed_response","30","expression_flow","Use the known fact to find the next product. Type the missing value in the question mark."
"3","7","2","Use the known fact to find the next product.","typed_response","70","expression_flow","Use the known fact to find the next product. Type the missing value in the question mark."
"3","7","2","Use the known fact to find the next product.","typed_response","24","expression_flow","Use the known fact to find the next product. Type the missing value in the question mark."
"3","7","2","Use the known fact to find the next product.","typed_response","36","expression_flow","Use the known fact to find the next product. Type the missing value in the question mark."
"3","7","2","Use the known fact to find the next product.","typed_response","50","expression_flow","Use the known fact to find the next product. Type the missing value in the question mark."
"3","7","3","Use the known fact to find the next product.","typed_response","40","expression_flow","Use the known fact to find the next product. Type the missing value in the question mark."
"3","7","3","Use the known fact to find the next product.","typed_response","15","expression_flow","Use the known fact to find the next product. Type the missing value in the question mark."
"3","7","3","Use the known fact to find the next product.","typed_response","24","expression_flow","Use the known fact to find the next product. Type the missing value in the question mark."
"3","7","3","Use the known fact to find the next product.","typed_response","35","expression_flow","Use the known fact to find the next product. Type the missing value in the question mark."
"3","7","3","Use the known fact to find the next product.","typed_response","80","expression_flow","Use the known fact to find the next product. Type the missing value in the question mark."
"4","1","1","Restore equality. What number belongs in the box?","typed_response","143","balance_equation_card","Restore equality. What number belongs in the box? Type the missing value in the question mark."
"4","1","1","Restore equality. What number belongs in the box?","typed_response","144","balance_equation_card","Restore equality. What number belongs in the box? Type the missing value in the question mark."
"4","1","1","Restore equality. What number belongs in the box?","typed_response","145","balance_equation_card","Restore equality. What number belongs in the box? Type the missing value in the question mark."
"4","1","1","Restore equality. What number belongs in the box?","typed_response","146","balance_equation_card","Restore equality. What number belongs in the box? Type the missing value in the question mark."
"4","1","1","Restore equality. What number belongs in the box?","typed_response","147","balance_equation_card","Restore equality. What number belongs in the box? Type the missing value in the question mark."
"4","1","2","Restore equality. What number belongs in the box?","typed_response","148","balance_equation_card","Restore equality. What number belongs in the box? Type the missing value in the question mark."
"4","1","2","Restore equality. What number belongs in the box?","typed_response","149","balance_equation_card","Restore equality. What number belongs in the box? Type the missing value in the question mark."
"4","1","2","Restore equality. What number belongs in the box?","typed_response","150","balance_equation_card","Restore equality. What number belongs in the box? Type the missing value in the question mark."
"4","1","2","Restore equality. What number belongs in the box?","typed_response","151","balance_equation_card","Restore equality. What number belongs in the box? Type the missing value in the question mark."
"4","1","2","Restore equality. What number belongs in the box?","typed_response","152","balance_equation_card","Restore equality. What number belongs in the box? Type the missing value in the question mark."
"4","1","3","Restore equality. What number belongs in the box?","typed_response","153","balance_equation_card","Restore equality. What number belongs in the box? Type the missing value in the question mark."
"4","1","3","Restore equality. What number belongs in the box?","typed_response","154","balance_equation_card","Restore equality. What number belongs in the box? Type the missing value in the question mark."
"4","1","3","Restore equality. What number belongs in the box?","typed_response","155","balance_equation_card","Restore equality. What number belongs in the box? Type the missing value in the question mark."
"4","1","3","Restore equality. What number belongs in the box?","typed_response","156","balance_equation_card","Restore equality. What number belongs in the box? Type the missing value in the question mark."
"4","1","3","Restore equality. What number belongs in the box?","typed_response","157","balance_equation_card","Restore equality. What number belongs in the box? Type the missing value in the question mark."
"4","2","1","Find the missing addend.","typed_response","23","unknown_tile_equation","Find the missing addend. Type the missing value in the question mark."
"4","2","1","Find the missing addend.","typed_response","24","unknown_tile_equation","Find the missing addend. Type the missing value in the question mark."
"4","2","1","Find the missing addend.","typed_response","25","unknown_tile_equation","Find the missing addend. Type the missing value in the question mark."
"4","2","1","Find the missing addend.","typed_response","26","unknown_tile_equation","Find the missing addend. Type the missing value in the question mark."
"4","2","1","Find the missing addend.","typed_response","27","unknown_tile_equation","Find the missing addend. Type the missing value in the question mark."
"4","2","2","Find the missing addend.","typed_response","28","unknown_tile_equation","Find the missing addend. Type the missing value in the question mark."
"4","2","2","Find the missing addend.","typed_response","29","unknown_tile_equation","Find the missing addend. Type the missing value in the question mark."
"4","2","2","Find the missing addend.","typed_response","30","unknown_tile_equation","Find the missing addend. Type the missing value in the question mark."
"4","2","2","Find the missing addend.","typed_response","31","unknown_tile_equation","Find the missing addend. Type the missing value in the question mark."
"4","2","2","Find the missing addend.","typed_response","32","unknown_tile_equation","Find the missing addend. Type the missing value in the question mark."
"4","2","3","Find the missing addend.","typed_response","33","unknown_tile_equation","Find the missing addend. Type the missing value in the question mark."
"4","2","3","Find the missing addend.","typed_response","34","unknown_tile_equation","Find the missing addend. Type the missing value in the question mark."
"4","2","3","Find the missing addend.","typed_response","35","unknown_tile_equation","Find the missing addend. Type the missing value in the question mark."
"4","2","3","Find the missing addend.","typed_response","36","unknown_tile_equation","Find the missing addend. Type the missing value in the question mark."
"4","2","3","Find the missing addend.","typed_response","37","unknown_tile_equation","Find the missing addend. Type the missing value in the question mark."
"4","3","1","Find the missing part.","typed_response","43","inverse_step_card","Find the missing part. Type the missing value in the question mark."
"4","3","1","Find the missing part.","typed_response","44","inverse_step_card","Find the missing part. Type the missing value in the question mark."
"4","3","1","Find the missing part.","typed_response","45","inverse_step_card","Find the missing part. Type the missing value in the question mark."
"4","3","1","Find the missing part.","typed_response","46","inverse_step_card","Find the missing part. Type the missing value in the question mark."
"4","3","1","Find the missing part.","typed_response","47","inverse_step_card","Find the missing part. Type the missing value in the question mark."
"4","3","2","Find the missing part.","typed_response","48","inverse_step_card","Find the missing part. Type the missing value in the question mark."
"4","3","2","Find the missing part.","typed_response","49","inverse_step_card","Find the missing part. Type the missing value in the question mark."
"4","3","2","Find the missing part.","typed_response","50","inverse_step_card","Find the missing part. Type the missing value in the question mark."
"4","3","2","Find the missing part.","typed_response","51","inverse_step_card","Find the missing part. Type the missing value in the question mark."
"4","3","2","Find the missing part.","typed_response","52","inverse_step_card","Find the missing part. Type the missing value in the question mark."
"4","3","3","Find the missing part.","typed_response","53","inverse_step_card","Find the missing part. Type the missing value in the question mark."
"4","3","3","Find the missing part.","typed_response","54","inverse_step_card","Find the missing part. Type the missing value in the question mark."
"4","3","3","Find the missing part.","typed_response","55","inverse_step_card","Find the missing part. Type the missing value in the question mark."
"4","3","3","Find the missing part.","typed_response","56","inverse_step_card","Find the missing part. Type the missing value in the question mark."
"4","3","3","Find the missing part.","typed_response","57","inverse_step_card","Find the missing part. Type the missing value in the question mark."
"4","4","1","Reorder or regroup the addends, then find the total.","typed_response","56","expression_flow","Reorder or regroup the addends, then find the total. Type the missing value in the question mark."
"4","4","1","Reorder or regroup the addends, then find the total.","typed_response","58","expression_flow","Reorder or regroup the addends, then find the total. Type the missing value in the question mark."
"4","4","1","Reorder or regroup the addends, then find the total.","typed_response","60","expression_flow","Reorder or regroup the addends, then find the total. Type the missing value in the question mark."
"4","4","1","Reorder or regroup the addends, then find the total.","typed_response","62","expression_flow","Reorder or regroup the addends, then find the total. Type the missing value in the question mark."
"4","4","1","Reorder or regroup the addends, then find the total.","typed_response","64","expression_flow","Reorder or regroup the addends, then find the total. Type the missing value in the question mark."
"4","4","2","Reorder or regroup the addends, then find the total.","typed_response","57","expression_flow","Reorder or regroup the addends, then find the total. Type the missing value in the question mark."
"4","4","2","Reorder or regroup the addends, then find the total.","typed_response","59","expression_flow","Reorder or regroup the addends, then find the total. Type the missing value in the question mark."
"4","4","2","Reorder or regroup the addends, then find the total.","typed_response","61","expression_flow","Reorder or regroup the addends, then find the total. Type the missing value in the question mark."
"4","4","2","Reorder or regroup the addends, then find the total.","typed_response","63","expression_flow","Reorder or regroup the addends, then find the total. Type the missing value in the question mark."
"4","4","2","Reorder or regroup the addends, then find the total.","typed_response","65","expression_flow","Reorder or regroup the addends, then find the total. Type the missing value in the question mark."
"4","4","3","Reorder or regroup the addends, then find the total.","typed_response","58","expression_flow","Reorder or regroup the addends, then find the total. Type the missing value in the question mark."
"4","4","3","Reorder or regroup the addends, then find the total.","typed_response","60","expression_flow","Reorder or regroup the addends, then find the total. Type the missing value in the question mark."
"4","4","3","Reorder or regroup the addends, then find the total.","typed_response","62","expression_flow","Reorder or regroup the addends, then find the total. Type the missing value in the question mark."
"4","4","3","Reorder or regroup the addends, then find the total.","typed_response","64","expression_flow","Reorder or regroup the addends, then find the total. Type the missing value in the question mark."
"4","4","3","Reorder or regroup the addends, then find the total.","typed_response","66","expression_flow","Reorder or regroup the addends, then find the total. Type the missing value in the question mark."
"4","5","1","Use the related fact. What is the missing quotient?","typed_response","5","inverse_step_card","Use the related fact. What is the missing quotient? Type the missing value in the question mark."
"4","5","1","Use the related fact. What is the missing quotient?","typed_response","6","inverse_step_card","Use the related fact. What is the missing quotient? Type the missing value in the question mark."
"4","5","1","Use the related fact. What is the missing quotient?","typed_response","7","inverse_step_card","Use the related fact. What is the missing quotient? Type the missing value in the question mark."
"4","5","1","Use the related fact. What is the missing quotient?","typed_response","8","inverse_step_card","Use the related fact. What is the missing quotient? Type the missing value in the question mark."
"4","5","1","Use the related fact. What is the missing quotient?","typed_response","9","inverse_step_card","Use the related fact. What is the missing quotient? Type the missing value in the question mark."
"4","5","2","Use the related fact. What is the missing quotient?","typed_response","10","inverse_step_card","Use the related fact. What is the missing quotient? Type the missing value in the question mark."
"4","5","2","Use the related fact. What is the missing quotient?","typed_response","11","inverse_step_card","Use the related fact. What is the missing quotient? Type the missing value in the question mark."
"4","5","2","Use the related fact. What is the missing quotient?","typed_response","4","inverse_step_card","Use the related fact. What is the missing quotient? Type the missing value in the question mark."
"4","5","2","Use the related fact. What is the missing quotient?","typed_response","5","inverse_step_card","Use the related fact. What is the missing quotient? Type the missing value in the question mark."
"4","5","2","Use the related fact. What is the missing quotient?","typed_response","6","inverse_step_card","Use the related fact. What is the missing quotient? Type the missing value in the question mark."
"4","5","3","Use the related fact. What is the missing quotient?","typed_response","7","inverse_step_card","Use the related fact. What is the missing quotient? Type the missing value in the question mark."
"4","5","3","Use the related fact. What is the missing quotient?","typed_response","8","inverse_step_card","Use the related fact. What is the missing quotient? Type the missing value in the question mark."
"4","5","3","Use the related fact. What is the missing quotient?","typed_response","9","inverse_step_card","Use the related fact. What is the missing quotient? Type the missing value in the question mark."
"4","5","3","Use the related fact. What is the missing quotient?","typed_response","10","inverse_step_card","Use the related fact. What is the missing quotient? Type the missing value in the question mark."
"4","5","3","Use the related fact. What is the missing quotient?","typed_response","11","inverse_step_card","Use the related fact. What is the missing quotient? Type the missing value in the question mark."
"4","6","1","Use a known fact strategy to calculate the product.","typed_response","54","expression_flow","Use a known fact strategy to calculate the product. Type the missing value in the question mark."
"4","6","1","Use a known fact strategy to calculate the product.","typed_response","70","expression_flow","Use a known fact strategy to calculate the product. Type the missing value in the question mark."
"4","6","1","Use a known fact strategy to calculate the product.","typed_response","99","expression_flow","Use a known fact strategy to calculate the product. Type the missing value in the question mark."
"4","6","1","Use a known fact strategy to calculate the product.","typed_response","16","expression_flow","Use a known fact strategy to calculate the product. Type the missing value in the question mark."
"4","6","1","Use a known fact strategy to calculate the product.","typed_response","30","expression_flow","Use a known fact strategy to calculate the product. Type the missing value in the question mark."
"4","6","2","Use a known fact strategy to calculate the product.","typed_response","42","expression_flow","Use a known fact strategy to calculate the product. Type the missing value in the question mark."
"4","6","2","Use a known fact strategy to calculate the product.","typed_response","63","expression_flow","Use a known fact strategy to calculate the product. Type the missing value in the question mark."
"4","6","2","Use a known fact strategy to calculate the product.","typed_response","32","expression_flow","Use a known fact strategy to calculate the product. Type the missing value in the question mark."
"4","6","2","Use a known fact strategy to calculate the product.","typed_response","54","expression_flow","Use a known fact strategy to calculate the product. Type the missing value in the question mark."
"4","6","2","Use a known fact strategy to calculate the product.","typed_response","70","expression_flow","Use a known fact strategy to calculate the product. Type the missing value in the question mark."
"4","6","3","Use a known fact strategy to calculate the product.","typed_response","99","expression_flow","Use a known fact strategy to calculate the product. Type the missing value in the question mark."
"4","6","3","Use a known fact strategy to calculate the product.","typed_response","16","expression_flow","Use a known fact strategy to calculate the product. Type the missing value in the question mark."
"4","6","3","Use a known fact strategy to calculate the product.","typed_response","30","expression_flow","Use a known fact strategy to calculate the product. Type the missing value in the question mark."
"4","6","3","Use a known fact strategy to calculate the product.","typed_response","42","expression_flow","Use a known fact strategy to calculate the product. Type the missing value in the question mark."
"4","6","3","Use a known fact strategy to calculate the product.","typed_response","63","expression_flow","Use a known fact strategy to calculate the product. Type the missing value in the question mark."
"4","7","1","Use a known fact strategy to calculate the product.","typed_response","30","expression_flow","Use a known fact strategy to calculate the product. Type the missing value in the question mark."
"4","7","1","Use a known fact strategy to calculate the product.","typed_response","42","expression_flow","Use a known fact strategy to calculate the product. Type the missing value in the question mark."
"4","7","1","Use a known fact strategy to calculate the product.","typed_response","63","expression_flow","Use a known fact strategy to calculate the product. Type the missing value in the question mark."
"4","7","1","Use a known fact strategy to calculate the product.","typed_response","32","expression_flow","Use a known fact strategy to calculate the product. Type the missing value in the question mark."
"4","7","1","Use a known fact strategy to calculate the product.","typed_response","54","expression_flow","Use a known fact strategy to calculate the product. Type the missing value in the question mark."
"4","7","2","Use a known fact strategy to calculate the product.","typed_response","70","expression_flow","Use a known fact strategy to calculate the product. Type the missing value in the question mark."
"4","7","2","Use a known fact strategy to calculate the product.","typed_response","99","expression_flow","Use a known fact strategy to calculate the product. Type the missing value in the question mark."
"4","7","2","Use a known fact strategy to calculate the product.","typed_response","16","expression_flow","Use a known fact strategy to calculate the product. Type the missing value in the question mark."
"4","7","2","Use a known fact strategy to calculate the product.","typed_response","30","expression_flow","Use a known fact strategy to calculate the product. Type the missing value in the question mark."
"4","7","2","Use a known fact strategy to calculate the product.","typed_response","42","expression_flow","Use a known fact strategy to calculate the product. Type the missing value in the question mark."
"4","7","3","Use a known fact strategy to calculate the product.","typed_response","63","expression_flow","Use a known fact strategy to calculate the product. Type the missing value in the question mark."
"4","7","3","Use a known fact strategy to calculate the product.","typed_response","32","expression_flow","Use a known fact strategy to calculate the product. Type the missing value in the question mark."
"4","7","3","Use a known fact strategy to calculate the product.","typed_response","54","expression_flow","Use a known fact strategy to calculate the product. Type the missing value in the question mark."
"4","7","3","Use a known fact strategy to calculate the product.","typed_response","70","expression_flow","Use a known fact strategy to calculate the product. Type the missing value in the question mark."
"4","7","3","Use a known fact strategy to calculate the product.","typed_response","99","expression_flow","Use a known fact strategy to calculate the product. Type the missing value in the question mark."
"5","1","1","Use multiplication and division as inverse operations. Find the unknown.","typed_response","9","inverse_step_card","Use multiplication and division as inverse operations. Find the unknown. Type the missing value in the question mark."
"5","1","1","Use multiplication and division as inverse operations. Find the unknown.","typed_response","10","inverse_step_card","Use multiplication and division as inverse operations. Find the unknown. Type the missing value in the question mark."
"5","1","1","Use multiplication and division as inverse operations. Find the unknown.","typed_response","11","inverse_step_card","Use multiplication and division as inverse operations. Find the unknown. Type the missing value in the question mark."
"5","1","1","Use multiplication and division as inverse operations. Find the unknown.","typed_response","12","inverse_step_card","Use multiplication and division as inverse operations. Find the unknown. Type the missing value in the question mark."
"5","1","1","Use multiplication and division as inverse operations. Find the unknown.","typed_response","13","inverse_step_card","Use multiplication and division as inverse operations. Find the unknown. Type the missing value in the question mark."
"5","1","2","Use multiplication and division as inverse operations. Find the unknown.","typed_response","14","inverse_step_card","Use multiplication and division as inverse operations. Find the unknown. Type the missing value in the question mark."
"5","1","2","Use multiplication and division as inverse operations. Find the unknown.","typed_response","6","inverse_step_card","Use multiplication and division as inverse operations. Find the unknown. Type the missing value in the question mark."
"5","1","2","Use multiplication and division as inverse operations. Find the unknown.","typed_response","7","inverse_step_card","Use multiplication and division as inverse operations. Find the unknown. Type the missing value in the question mark."
"5","1","2","Use multiplication and division as inverse operations. Find the unknown.","typed_response","8","inverse_step_card","Use multiplication and division as inverse operations. Find the unknown. Type the missing value in the question mark."
"5","1","2","Use multiplication and division as inverse operations. Find the unknown.","typed_response","9","inverse_step_card","Use multiplication and division as inverse operations. Find the unknown. Type the missing value in the question mark."
"5","1","3","Use multiplication and division as inverse operations. Find the unknown.","typed_response","10","inverse_step_card","Use multiplication and division as inverse operations. Find the unknown. Type the missing value in the question mark."
"5","1","3","Use multiplication and division as inverse operations. Find the unknown.","typed_response","11","inverse_step_card","Use multiplication and division as inverse operations. Find the unknown. Type the missing value in the question mark."
"5","1","3","Use multiplication and division as inverse operations. Find the unknown.","typed_response","12","inverse_step_card","Use multiplication and division as inverse operations. Find the unknown. Type the missing value in the question mark."
"5","1","3","Use multiplication and division as inverse operations. Find the unknown.","typed_response","13","inverse_step_card","Use multiplication and division as inverse operations. Find the unknown. Type the missing value in the question mark."
"5","1","3","Use multiplication and division as inverse operations. Find the unknown.","typed_response","14","inverse_step_card","Use multiplication and division as inverse operations. Find the unknown. Type the missing value in the question mark."
"5","2","1","Use multiplication and division as inverse operations. Find the unknown.","typed_response","11","inverse_step_card","Use multiplication and division as inverse operations. Find the unknown. Type the missing value in the question mark."
"5","2","1","Use multiplication and division as inverse operations. Find the unknown.","typed_response","12","inverse_step_card","Use multiplication and division as inverse operations. Find the unknown. Type the missing value in the question mark."
"5","2","1","Use multiplication and division as inverse operations. Find the unknown.","typed_response","13","inverse_step_card","Use multiplication and division as inverse operations. Find the unknown. Type the missing value in the question mark."
"5","2","1","Use multiplication and division as inverse operations. Find the unknown.","typed_response","14","inverse_step_card","Use multiplication and division as inverse operations. Find the unknown. Type the missing value in the question mark."
"5","2","1","Use multiplication and division as inverse operations. Find the unknown.","typed_response","6","inverse_step_card","Use multiplication and division as inverse operations. Find the unknown. Type the missing value in the question mark."
"5","2","2","Use multiplication and division as inverse operations. Find the unknown.","typed_response","7","inverse_step_card","Use multiplication and division as inverse operations. Find the unknown. Type the missing value in the question mark."
"5","2","2","Use multiplication and division as inverse operations. Find the unknown.","typed_response","8","inverse_step_card","Use multiplication and division as inverse operations. Find the unknown. Type the missing value in the question mark."
"5","2","2","Use multiplication and division as inverse operations. Find the unknown.","typed_response","9","inverse_step_card","Use multiplication and division as inverse operations. Find the unknown. Type the missing value in the question mark."
"5","2","2","Use multiplication and division as inverse operations. Find the unknown.","typed_response","10","inverse_step_card","Use multiplication and division as inverse operations. Find the unknown. Type the missing value in the question mark."
"5","2","2","Use multiplication and division as inverse operations. Find the unknown.","typed_response","11","inverse_step_card","Use multiplication and division as inverse operations. Find the unknown. Type the missing value in the question mark."
"5","2","3","Use multiplication and division as inverse operations. Find the unknown.","typed_response","12","inverse_step_card","Use multiplication and division as inverse operations. Find the unknown. Type the missing value in the question mark."
"5","2","3","Use multiplication and division as inverse operations. Find the unknown.","typed_response","13","inverse_step_card","Use multiplication and division as inverse operations. Find the unknown. Type the missing value in the question mark."
"5","2","3","Use multiplication and division as inverse operations. Find the unknown.","typed_response","14","inverse_step_card","Use multiplication and division as inverse operations. Find the unknown. Type the missing value in the question mark."
"5","2","3","Use multiplication and division as inverse operations. Find the unknown.","typed_response","6","inverse_step_card","Use multiplication and division as inverse operations. Find the unknown. Type the missing value in the question mark."
"5","2","3","Use multiplication and division as inverse operations. Find the unknown.","typed_response","7","inverse_step_card","Use multiplication and division as inverse operations. Find the unknown. Type the missing value in the question mark."
"5","3","1","Use multiplication and division as inverse operations. Find the unknown.","typed_response","13","inverse_step_card","Use multiplication and division as inverse operations. Find the unknown. Type the missing value in the question mark."
"5","3","1","Use multiplication and division as inverse operations. Find the unknown.","typed_response","14","inverse_step_card","Use multiplication and division as inverse operations. Find the unknown. Type the missing value in the question mark."
"5","3","1","Use multiplication and division as inverse operations. Find the unknown.","typed_response","6","inverse_step_card","Use multiplication and division as inverse operations. Find the unknown. Type the missing value in the question mark."
"5","3","1","Use multiplication and division as inverse operations. Find the unknown.","typed_response","7","inverse_step_card","Use multiplication and division as inverse operations. Find the unknown. Type the missing value in the question mark."
"5","3","1","Use multiplication and division as inverse operations. Find the unknown.","typed_response","8","inverse_step_card","Use multiplication and division as inverse operations. Find the unknown. Type the missing value in the question mark."
"5","3","2","Use multiplication and division as inverse operations. Find the unknown.","typed_response","9","inverse_step_card","Use multiplication and division as inverse operations. Find the unknown. Type the missing value in the question mark."
"5","3","2","Use multiplication and division as inverse operations. Find the unknown.","typed_response","10","inverse_step_card","Use multiplication and division as inverse operations. Find the unknown. Type the missing value in the question mark."
"5","3","2","Use multiplication and division as inverse operations. Find the unknown.","typed_response","11","inverse_step_card","Use multiplication and division as inverse operations. Find the unknown. Type the missing value in the question mark."
"5","3","2","Use multiplication and division as inverse operations. Find the unknown.","typed_response","12","inverse_step_card","Use multiplication and division as inverse operations. Find the unknown. Type the missing value in the question mark."
"5","3","2","Use multiplication and division as inverse operations. Find the unknown.","typed_response","13","inverse_step_card","Use multiplication and division as inverse operations. Find the unknown. Type the missing value in the question mark."
"5","3","3","Use multiplication and division as inverse operations. Find the unknown.","typed_response","14","inverse_step_card","Use multiplication and division as inverse operations. Find the unknown. Type the missing value in the question mark."
"5","3","3","Use multiplication and division as inverse operations. Find the unknown.","typed_response","6","inverse_step_card","Use multiplication and division as inverse operations. Find the unknown. Type the missing value in the question mark."
"5","3","3","Use multiplication and division as inverse operations. Find the unknown.","typed_response","7","inverse_step_card","Use multiplication and division as inverse operations. Find the unknown. Type the missing value in the question mark."
"5","3","3","Use multiplication and division as inverse operations. Find the unknown.","typed_response","8","inverse_step_card","Use multiplication and division as inverse operations. Find the unknown. Type the missing value in the question mark."
"5","3","3","Use multiplication and division as inverse operations. Find the unknown.","typed_response","9","inverse_step_card","Use multiplication and division as inverse operations. Find the unknown. Type the missing value in the question mark."
"5","4","1","Complete the equivalent multiplicative equation.","typed_response","10","balance_equation_card","Complete the equivalent multiplicative equation. Type the missing value in the question mark."
"5","4","1","Complete the equivalent multiplicative equation.","typed_response","18","balance_equation_card","Complete the equivalent multiplicative equation. Type the missing value in the question mark."
"5","4","1","Complete the equivalent multiplicative equation.","typed_response","28","balance_equation_card","Complete the equivalent multiplicative equation. Type the missing value in the question mark."
"5","4","1","Complete the equivalent multiplicative equation.","typed_response","40","balance_equation_card","Complete the equivalent multiplicative equation. Type the missing value in the question mark."
"5","4","1","Complete the equivalent multiplicative equation.","typed_response","54","balance_equation_card","Complete the equivalent multiplicative equation. Type the missing value in the question mark."
"5","4","2","Complete the equivalent multiplicative equation.","typed_response","20","balance_equation_card","Complete the equivalent multiplicative equation. Type the missing value in the question mark."
"5","4","2","Complete the equivalent multiplicative equation.","typed_response","33","balance_equation_card","Complete the equivalent multiplicative equation. Type the missing value in the question mark."
"5","4","2","Complete the equivalent multiplicative equation.","typed_response","48","balance_equation_card","Complete the equivalent multiplicative equation. Type the missing value in the question mark."
"5","4","2","Complete the equivalent multiplicative equation.","typed_response","65","balance_equation_card","Complete the equivalent multiplicative equation. Type the missing value in the question mark."
"5","4","2","Complete the equivalent multiplicative equation.","typed_response","30","balance_equation_card","Complete the equivalent multiplicative equation. Type the missing value in the question mark."
"5","4","3","Complete the equivalent multiplicative equation.","typed_response","12","balance_equation_card","Complete the equivalent multiplicative equation. Type the missing value in the question mark."
"5","4","3","Complete the equivalent multiplicative equation.","typed_response","21","balance_equation_card","Complete the equivalent multiplicative equation. Type the missing value in the question mark."
"5","4","3","Complete the equivalent multiplicative equation.","typed_response","32","balance_equation_card","Complete the equivalent multiplicative equation. Type the missing value in the question mark."
"5","4","3","Complete the equivalent multiplicative equation.","typed_response","45","balance_equation_card","Complete the equivalent multiplicative equation. Type the missing value in the question mark."
"5","4","3","Complete the equivalent multiplicative equation.","typed_response","60","balance_equation_card","Complete the equivalent multiplicative equation. Type the missing value in the question mark."
"5","5","1","Turn the array. What product stays unchanged?","typed_response","16","array","Turn the array. What product stays unchanged? Type the missing value in the question mark."
"5","5","1","Turn the array. What product stays unchanged?","typed_response","9","array","Turn the array. What product stays unchanged? Type the missing value in the question mark."
"5","5","1","Turn the array. What product stays unchanged?","typed_response","16","array","Turn the array. What product stays unchanged? Type the missing value in the question mark."
"5","5","1","Turn the array. What product stays unchanged?","typed_response","25","array","Turn the array. What product stays unchanged? Type the missing value in the question mark."
"5","5","1","Turn the array. What product stays unchanged?","typed_response","36","array","Turn the array. What product stays unchanged? Type the missing value in the question mark."
"5","5","2","Regroup the factors and calculate the product.","typed_response","56","expression_flow","Regroup the factors and calculate the product. Type the missing value in the question mark."
"5","5","2","Regroup the factors and calculate the product.","typed_response","120","expression_flow","Regroup the factors and calculate the product. Type the missing value in the question mark."
"5","5","2","Regroup the factors and calculate the product.","typed_response","72","expression_flow","Regroup the factors and calculate the product. Type the missing value in the question mark."
"5","5","2","Regroup the factors and calculate the product.","typed_response","40","expression_flow","Regroup the factors and calculate the product. Type the missing value in the question mark."
"5","5","2","Regroup the factors and calculate the product.","typed_response","90","expression_flow","Regroup the factors and calculate the product. Type the missing value in the question mark."
"5","5","3","Work inside the brackets first. What is the value?","typed_response","2","bracket_equation_card","Work inside the brackets first. What is the value? Type the missing value in the question mark."
"5","5","3","Work inside the brackets first. What is the value?","typed_response","3","bracket_equation_card","Work inside the brackets first. What is the value? Type the missing value in the question mark."
"5","5","3","Work inside the brackets first. What is the value?","typed_response","4","bracket_equation_card","Work inside the brackets first. What is the value? Type the missing value in the question mark."
"5","5","3","Work inside the brackets first. What is the value?","typed_response","5","bracket_equation_card","Work inside the brackets first. What is the value? Type the missing value in the question mark."
"5","5","3","Work inside the brackets first. What is the value?","typed_response","6","bracket_equation_card","Work inside the brackets first. What is the value? Type the missing value in the question mark."
"5","6","1","Split the factor into friendly parts, then solve.","typed_response","72","expression_flow","Split the factor into friendly parts, then solve. Type the missing value in the question mark."
"5","6","1","Split the factor into friendly parts, then solve.","typed_response","91","expression_flow","Split the factor into friendly parts, then solve. Type the missing value in the question mark."
"5","6","1","Split the factor into friendly parts, then solve.","typed_response","112","expression_flow","Split the factor into friendly parts, then solve. Type the missing value in the question mark."
"5","6","1","Split the factor into friendly parts, then solve.","typed_response","135","expression_flow","Split the factor into friendly parts, then solve. Type the missing value in the question mark."
"5","6","1","Split the factor into friendly parts, then solve.","typed_response","120","expression_flow","Split the factor into friendly parts, then solve. Type the missing value in the question mark."
"5","6","2","Split the factor into friendly parts, then solve.","typed_response","132","expression_flow","Split the factor into friendly parts, then solve. Type the missing value in the question mark."
"5","6","2","Split the factor into friendly parts, then solve.","typed_response","156","expression_flow","Split the factor into friendly parts, then solve. Type the missing value in the question mark."
"5","6","2","Split the factor into friendly parts, then solve.","typed_response","70","expression_flow","Split the factor into friendly parts, then solve. Type the missing value in the question mark."
"5","6","2","Split the factor into friendly parts, then solve.","typed_response","90","expression_flow","Split the factor into friendly parts, then solve. Type the missing value in the question mark."
"5","6","2","Split the factor into friendly parts, then solve.","typed_response","84","expression_flow","Split the factor into friendly parts, then solve. Type the missing value in the question mark."
"5","6","3","Split the factor into friendly parts, then solve.","typed_response","96","expression_flow","Split the factor into friendly parts, then solve. Type the missing value in the question mark."
"5","6","3","Split the factor into friendly parts, then solve.","typed_response","117","expression_flow","Split the factor into friendly parts, then solve. Type the missing value in the question mark."
"5","6","3","Split the factor into friendly parts, then solve.","typed_response","140","expression_flow","Split the factor into friendly parts, then solve. Type the missing value in the question mark."
"5","6","3","Split the factor into friendly parts, then solve.","typed_response","165","expression_flow","Split the factor into friendly parts, then solve. Type the missing value in the question mark."
"5","6","3","Split the factor into friendly parts, then solve.","typed_response","144","expression_flow","Split the factor into friendly parts, then solve. Type the missing value in the question mark."
"5","7","1","What factor pairs with 2 to make 40?","typed_response","20","factor_pair_tree","What factor pairs with 2 to make 40? Type the missing value in the question mark."
"5","7","1","What factor pairs with 3 to make 48?","typed_response","16","factor_pair_tree","What factor pairs with 3 to make 48? Type the missing value in the question mark."
"5","7","1","What factor pairs with 4 to make 60?","typed_response","15","factor_pair_tree","What factor pairs with 4 to make 60? Type the missing value in the question mark."
"5","7","1","What factor pairs with 1 to make 24?","typed_response","24","factor_pair_tree","What factor pairs with 1 to make 24? Type the missing value in the question mark."
"5","7","1","What factor pairs with 2 to make 30?","typed_response","15","factor_pair_tree","What factor pairs with 2 to make 30? Type the missing value in the question mark."
"5","7","2","What is the smallest multiple of 4 greater than 12?","typed_response","16","pattern_sequence_strip","What is the smallest multiple of 4 greater than 12? Type the missing value in the question mark."
"5","7","2","What is the smallest multiple of 5 greater than 20?","typed_response","25","pattern_sequence_strip","What is the smallest multiple of 5 greater than 20? Type the missing value in the question mark."
"5","7","2","What is the smallest multiple of 6 greater than 30?","typed_response","36","pattern_sequence_strip","What is the smallest multiple of 6 greater than 30? Type the missing value in the question mark."
"5","7","2","What is the smallest multiple of 4 greater than 24?","typed_response","28","pattern_sequence_strip","What is the smallest multiple of 4 greater than 24? Type the missing value in the question mark."
"5","7","2","What is the smallest multiple of 5 greater than 35?","typed_response","40","pattern_sequence_strip","What is the smallest multiple of 5 greater than 35? Type the missing value in the question mark."
"5","7","3","What factor pairs with 5 to make 30?","typed_response","6","factor_pair_tree","What factor pairs with 5 to make 30? Type the missing value in the question mark."
"5","7","3","What factor pairs with 6 to make 36?","typed_response","6","factor_pair_tree","What factor pairs with 6 to make 36? Type the missing value in the question mark."
"5","7","3","What factor pairs with 2 to make 40?","typed_response","20","factor_pair_tree","What factor pairs with 2 to make 40? Type the missing value in the question mark."
"5","7","3","What factor pairs with 2 to make 48?","typed_response","24","factor_pair_tree","What factor pairs with 2 to make 48? Type the missing value in the question mark."
"5","7","3","What factor pairs with 2 to make 60?","typed_response","30","factor_pair_tree","What factor pairs with 2 to make 60? Type the missing value in the question mark."
"6","1","1","Use the growth rule. How many tiles will Stage 7 contain?","typed_response","26","growing_pattern","Use the growth rule. How many tiles will Stage 7 contain? Type the missing value in the question mark."
"6","1","1","Use the growth rule. How many tiles will Stage 7 contain?","typed_response","33","growing_pattern","Use the growth rule. How many tiles will Stage 7 contain? Type the missing value in the question mark."
"6","1","1","Use the growth rule. How many tiles will Stage 7 contain?","typed_response","40","growing_pattern","Use the growth rule. How many tiles will Stage 7 contain? Type the missing value in the question mark."
"6","1","1","Use the growth rule. How many tiles will Stage 7 contain?","typed_response","47","growing_pattern","Use the growth rule. How many tiles will Stage 7 contain? Type the missing value in the question mark."
"6","1","1","Use the growth rule. How many tiles will Stage 7 contain?","typed_response","24","growing_pattern","Use the growth rule. How many tiles will Stage 7 contain? Type the missing value in the question mark."
"6","1","2","Use the growth rule. How many tiles will Stage 7 contain?","typed_response","32","growing_pattern","Use the growth rule. How many tiles will Stage 7 contain? Type the missing value in the question mark."
"6","1","2","Use the growth rule. How many tiles will Stage 7 contain?","typed_response","39","growing_pattern","Use the growth rule. How many tiles will Stage 7 contain? Type the missing value in the question mark."
"6","1","2","Use the growth rule. How many tiles will Stage 7 contain?","typed_response","46","growing_pattern","Use the growth rule. How many tiles will Stage 7 contain? Type the missing value in the question mark."
"6","1","2","Use the growth rule. How many tiles will Stage 7 contain?","typed_response","23","growing_pattern","Use the growth rule. How many tiles will Stage 7 contain? Type the missing value in the question mark."
"6","1","2","Use the growth rule. How many tiles will Stage 7 contain?","typed_response","30","growing_pattern","Use the growth rule. How many tiles will Stage 7 contain? Type the missing value in the question mark."
"6","1","3","Use the growth rule. How many tiles will Stage 7 contain?","typed_response","38","growing_pattern","Use the growth rule. How many tiles will Stage 7 contain? Type the missing value in the question mark."
"6","1","3","Use the growth rule. How many tiles will Stage 7 contain?","typed_response","45","growing_pattern","Use the growth rule. How many tiles will Stage 7 contain? Type the missing value in the question mark."
"6","1","3","Use the growth rule. How many tiles will Stage 7 contain?","typed_response","22","growing_pattern","Use the growth rule. How many tiles will Stage 7 contain? Type the missing value in the question mark."
"6","1","3","Use the growth rule. How many tiles will Stage 7 contain?","typed_response","29","growing_pattern","Use the growth rule. How many tiles will Stage 7 contain? Type the missing value in the question mark."
"6","1","3","Use the growth rule. How many tiles will Stage 7 contain?","typed_response","36","growing_pattern","Use the growth rule. How many tiles will Stage 7 contain? Type the missing value in the question mark."
"6","2","1","Continue the rational-number pattern. Give the missing numerator.","typed_response","10","pattern_sequence_strip","Continue the rational-number pattern. Give the missing numerator. Type the missing value in the question mark."
"6","2","1","Continue the rational-number pattern. Give the missing numerator.","typed_response","15","pattern_sequence_strip","Continue the rational-number pattern. Give the missing numerator. Type the missing value in the question mark."
"6","2","1","Continue the rational-number pattern. Give the missing numerator.","typed_response","8","pattern_sequence_strip","Continue the rational-number pattern. Give the missing numerator. Type the missing value in the question mark."
"6","2","1","Continue the rational-number pattern. Give the missing numerator.","typed_response","9","pattern_sequence_strip","Continue the rational-number pattern. Give the missing numerator. Type the missing value in the question mark."
"6","2","1","Continue the rational-number pattern. Give the missing numerator.","typed_response","14","pattern_sequence_strip","Continue the rational-number pattern. Give the missing numerator. Type the missing value in the question mark."
"6","2","2","Continue the decimal pattern.","typed_response","1.4","pattern_sequence_strip","Continue the decimal pattern. Type the missing value in the question mark."
"6","2","2","Continue the decimal pattern.","typed_response","1.5","pattern_sequence_strip","Continue the decimal pattern. Type the missing value in the question mark."
"6","2","2","Continue the decimal pattern.","typed_response","1.6","pattern_sequence_strip","Continue the decimal pattern. Type the missing value in the question mark."
"6","2","2","Continue the decimal pattern.","typed_response","1.7","pattern_sequence_strip","Continue the decimal pattern. Type the missing value in the question mark."
"6","2","2","Continue the decimal pattern.","typed_response","1.8","pattern_sequence_strip","Continue the decimal pattern. Type the missing value in the question mark."
"6","2","3","Continue the rational-number pattern. Give the missing numerator.","typed_response","8","pattern_sequence_strip","Continue the rational-number pattern. Give the missing numerator. Type the missing value in the question mark."
"6","2","3","Continue the rational-number pattern. Give the missing numerator.","typed_response","9","pattern_sequence_strip","Continue the rational-number pattern. Give the missing numerator. Type the missing value in the question mark."
"6","2","3","Continue the rational-number pattern. Give the missing numerator.","typed_response","14","pattern_sequence_strip","Continue the rational-number pattern. Give the missing numerator. Type the missing value in the question mark."
"6","2","3","Continue the rational-number pattern. Give the missing numerator.","typed_response","7","pattern_sequence_strip","Continue the rational-number pattern. Give the missing numerator. Type the missing value in the question mark."
"6","2","3","Continue the rational-number pattern. Give the missing numerator.","typed_response","12","pattern_sequence_strip","Continue the rational-number pattern. Give the missing numerator. Type the missing value in the question mark."
"6","3","1","Transfer the rule to a new input. What is the output for input 7?","typed_response","22","input_output_table","Transfer the rule to a new input. What is the output for input 7? Type the missing value in the question mark."
"6","3","1","Transfer the rule to a new input. What is the output for input 7?","typed_response","30","input_output_table","Transfer the rule to a new input. What is the output for input 7? Type the missing value in the question mark."
"6","3","1","Transfer the rule to a new input. What is the output for input 7?","typed_response","17","input_output_table","Transfer the rule to a new input. What is the output for input 7? Type the missing value in the question mark."
"6","3","1","Transfer the rule to a new input. What is the output for input 7?","typed_response","25","input_output_table","Transfer the rule to a new input. What is the output for input 7? Type the missing value in the question mark."
"6","3","1","Transfer the rule to a new input. What is the output for input 7?","typed_response","33","input_output_table","Transfer the rule to a new input. What is the output for input 7? Type the missing value in the question mark."
"6","3","2","Transfer the rule to a new input. What is the output for input 7?","typed_response","29","input_output_table","Transfer the rule to a new input. What is the output for input 7? Type the missing value in the question mark."
"6","3","2","Transfer the rule to a new input. What is the output for input 7?","typed_response","16","input_output_table","Transfer the rule to a new input. What is the output for input 7? Type the missing value in the question mark."
"6","3","2","Transfer the rule to a new input. What is the output for input 7?","typed_response","24","input_output_table","Transfer the rule to a new input. What is the output for input 7? Type the missing value in the question mark."
"6","3","2","Transfer the rule to a new input. What is the output for input 7?","typed_response","32","input_output_table","Transfer the rule to a new input. What is the output for input 7? Type the missing value in the question mark."
"6","3","2","Transfer the rule to a new input. What is the output for input 7?","typed_response","19","input_output_table","Transfer the rule to a new input. What is the output for input 7? Type the missing value in the question mark."
"6","3","3","Transfer the rule to a new input. What is the output for input 7?","typed_response","15","input_output_table","Transfer the rule to a new input. What is the output for input 7? Type the missing value in the question mark."
"6","3","3","Transfer the rule to a new input. What is the output for input 7?","typed_response","23","input_output_table","Transfer the rule to a new input. What is the output for input 7? Type the missing value in the question mark."
"6","3","3","Transfer the rule to a new input. What is the output for input 7?","typed_response","31","input_output_table","Transfer the rule to a new input. What is the output for input 7? Type the missing value in the question mark."
"6","3","3","Transfer the rule to a new input. What is the output for input 7?","typed_response","18","input_output_table","Transfer the rule to a new input. What is the output for input 7? Type the missing value in the question mark."
"6","3","3","Transfer the rule to a new input. What is the output for input 7?","typed_response","26","input_output_table","Transfer the rule to a new input. What is the output for input 7? Type the missing value in the question mark."
"6","4","1","Follow both steps of the algorithm. What is the output?","typed_response","28","function_machine_card","Follow both steps of the algorithm. What is the output? Type the missing value in the question mark."
"6","4","1","Follow both steps of the algorithm. What is the output?","typed_response","32","function_machine_card","Follow both steps of the algorithm. What is the output? Type the missing value in the question mark."
"6","4","1","Follow both steps of the algorithm. What is the output?","typed_response","36","function_machine_card","Follow both steps of the algorithm. What is the output? Type the missing value in the question mark."
"6","4","1","Follow both steps of the algorithm. What is the output?","typed_response","16","function_machine_card","Follow both steps of the algorithm. What is the output? Type the missing value in the question mark."
"6","4","1","Follow both steps of the algorithm. What is the output?","typed_response","20","function_machine_card","Follow both steps of the algorithm. What is the output? Type the missing value in the question mark."
"6","4","2","Follow both steps of the algorithm. What is the output?","typed_response","24","function_machine_card","Follow both steps of the algorithm. What is the output? Type the missing value in the question mark."
"6","4","2","Follow both steps of the algorithm. What is the output?","typed_response","29","function_machine_card","Follow both steps of the algorithm. What is the output? Type the missing value in the question mark."
"6","4","2","Follow both steps of the algorithm. What is the output?","typed_response","34","function_machine_card","Follow both steps of the algorithm. What is the output? Type the missing value in the question mark."
"6","4","2","Follow both steps of the algorithm. What is the output?","typed_response","39","function_machine_card","Follow both steps of the algorithm. What is the output? Type the missing value in the question mark."
"6","4","2","Follow both steps of the algorithm. What is the output?","typed_response","44","function_machine_card","Follow both steps of the algorithm. What is the output? Type the missing value in the question mark."
"6","4","3","Follow both steps of the algorithm. What is the output?","typed_response","24","function_machine_card","Follow both steps of the algorithm. What is the output? Type the missing value in the question mark."
"6","4","3","Follow both steps of the algorithm. What is the output?","typed_response","11","function_machine_card","Follow both steps of the algorithm. What is the output? Type the missing value in the question mark."
"6","4","3","Follow both steps of the algorithm. What is the output?","typed_response","14","function_machine_card","Follow both steps of the algorithm. What is the output? Type the missing value in the question mark."
"6","4","3","Follow both steps of the algorithm. What is the output?","typed_response","17","function_machine_card","Follow both steps of the algorithm. What is the output? Type the missing value in the question mark."
"6","4","3","Follow both steps of the algorithm. What is the output?","typed_response","20","function_machine_card","Follow both steps of the algorithm. What is the output? Type the missing value in the question mark."
"6","5","1","Evaluate the expression using the brackets first.","typed_response","30","bracket_equation_card","Evaluate the expression using the brackets first. Type the missing value in the question mark."
"6","5","1","Evaluate the expression using the brackets first.","typed_response","36","bracket_equation_card","Evaluate the expression using the brackets first. Type the missing value in the question mark."
"6","5","1","Evaluate the expression using the brackets first.","typed_response","21","bracket_equation_card","Evaluate the expression using the brackets first. Type the missing value in the question mark."
"6","5","1","Evaluate the expression using the brackets first.","typed_response","27","bracket_equation_card","Evaluate the expression using the brackets first. Type the missing value in the question mark."
"6","5","1","Evaluate the expression using the brackets first.","typed_response","33","bracket_equation_card","Evaluate the expression using the brackets first. Type the missing value in the question mark."
"6","5","2","Evaluate the expression using the brackets first.","typed_response","32","bracket_equation_card","Evaluate the expression using the brackets first. Type the missing value in the question mark."
"6","5","2","Evaluate the expression using the brackets first.","typed_response","40","bracket_equation_card","Evaluate the expression using the brackets first. Type the missing value in the question mark."
"6","5","2","Evaluate the expression using the brackets first.","typed_response","48","bracket_equation_card","Evaluate the expression using the brackets first. Type the missing value in the question mark."
"6","5","2","Evaluate the expression using the brackets first.","typed_response","56","bracket_equation_card","Evaluate the expression using the brackets first. Type the missing value in the question mark."
"6","5","2","Evaluate the expression using the brackets first.","typed_response","36","bracket_equation_card","Evaluate the expression using the brackets first. Type the missing value in the question mark."
"6","5","3","Evaluate the expression using the brackets first.","typed_response","30","bracket_equation_card","Evaluate the expression using the brackets first. Type the missing value in the question mark."
"6","5","3","Evaluate the expression using the brackets first.","typed_response","40","bracket_equation_card","Evaluate the expression using the brackets first. Type the missing value in the question mark."
"6","5","3","Evaluate the expression using the brackets first.","typed_response","50","bracket_equation_card","Evaluate the expression using the brackets first. Type the missing value in the question mark."
"6","5","3","Evaluate the expression using the brackets first.","typed_response","60","bracket_equation_card","Evaluate the expression using the brackets first. Type the missing value in the question mark."
"6","5","3","Evaluate the expression using the brackets first.","typed_response","70","bracket_equation_card","Evaluate the expression using the brackets first. Type the missing value in the question mark."
"6","6","1","Undo the outside operation, then find the unknown.","typed_response","8","bracket_equation_card","Undo the outside operation, then find the unknown. Type the missing value in the question mark."
"6","6","1","Undo the outside operation, then find the unknown.","typed_response","9","bracket_equation_card","Undo the outside operation, then find the unknown. Type the missing value in the question mark."
"6","6","1","Undo the outside operation, then find the unknown.","typed_response","10","bracket_equation_card","Undo the outside operation, then find the unknown. Type the missing value in the question mark."
"6","6","1","Undo the outside operation, then find the unknown.","typed_response","3","bracket_equation_card","Undo the outside operation, then find the unknown. Type the missing value in the question mark."
"6","6","1","Undo the outside operation, then find the unknown.","typed_response","4","bracket_equation_card","Undo the outside operation, then find the unknown. Type the missing value in the question mark."
"6","6","2","Undo the outside operation, then find the unknown.","typed_response","5","bracket_equation_card","Undo the outside operation, then find the unknown. Type the missing value in the question mark."
"6","6","2","Undo the outside operation, then find the unknown.","typed_response","6","bracket_equation_card","Undo the outside operation, then find the unknown. Type the missing value in the question mark."
"6","6","2","Undo the outside operation, then find the unknown.","typed_response","7","bracket_equation_card","Undo the outside operation, then find the unknown. Type the missing value in the question mark."
"6","6","2","Undo the outside operation, then find the unknown.","typed_response","8","bracket_equation_card","Undo the outside operation, then find the unknown. Type the missing value in the question mark."
"6","6","2","Undo the outside operation, then find the unknown.","typed_response","9","bracket_equation_card","Undo the outside operation, then find the unknown. Type the missing value in the question mark."
"6","6","3","Use both equations. What is the value of x?","typed_response","7","expression_flow","Use both equations. What is the value of x? Type the missing value in the question mark."
"6","6","3","Use both equations. What is the value of x?","typed_response","8","expression_flow","Use both equations. What is the value of x? Type the missing value in the question mark."
"6","6","3","Use both equations. What is the value of x?","typed_response","9","expression_flow","Use both equations. What is the value of x? Type the missing value in the question mark."
"6","6","3","Use both equations. What is the value of x?","typed_response","10","expression_flow","Use both equations. What is the value of x? Type the missing value in the question mark."
"6","6","3","Use both equations. What is the value of x?","typed_response","11","expression_flow","Use both equations. What is the value of x? Type the missing value in the question mark."
"6","7","1","Follow the gate algorithm and record the final output.","typed_response","13","expression_flow","Follow the gate algorithm and record the final output. Type the missing value in the question mark."
"6","7","1","Follow the gate algorithm and record the final output.","typed_response","15","expression_flow","Follow the gate algorithm and record the final output. Type the missing value in the question mark."
"6","7","1","Follow the gate algorithm and record the final output.","typed_response","17","expression_flow","Follow the gate algorithm and record the final output. Type the missing value in the question mark."
"6","7","1","Follow the gate algorithm and record the final output.","typed_response","19","expression_flow","Follow the gate algorithm and record the final output. Type the missing value in the question mark."
"6","7","1","Follow the gate algorithm and record the final output.","typed_response","21","expression_flow","Follow the gate algorithm and record the final output. Type the missing value in the question mark."
"6","7","2","Follow the gate algorithm and record the final output.","typed_response","25","expression_flow","Follow the gate algorithm and record the final output. Type the missing value in the question mark."
"6","7","2","Follow the gate algorithm and record the final output.","typed_response","27","expression_flow","Follow the gate algorithm and record the final output. Type the missing value in the question mark."
"6","7","2","Follow the gate algorithm and record the final output.","typed_response","13","expression_flow","Follow the gate algorithm and record the final output. Type the missing value in the question mark."
"6","7","2","Follow the gate algorithm and record the final output.","typed_response","15","expression_flow","Follow the gate algorithm and record the final output. Type the missing value in the question mark."
"6","7","2","Follow the gate algorithm and record the final output.","typed_response","17","expression_flow","Follow the gate algorithm and record the final output. Type the missing value in the question mark."
"6","7","3","Follow the gate algorithm and record the final output.","typed_response","21","expression_flow","Follow the gate algorithm and record the final output. Type the missing value in the question mark."
"6","7","3","Follow the gate algorithm and record the final output.","typed_response","23","expression_flow","Follow the gate algorithm and record the final output. Type the missing value in the question mark."
"6","7","3","Follow the gate algorithm and record the final output.","typed_response","25","expression_flow","Follow the gate algorithm and record the final output. Type the missing value in the question mark."
"6","7","3","Follow the gate algorithm and record the final output.","typed_response","27","expression_flow","Follow the gate algorithm and record the final output. Type the missing value in the question mark."
"6","7","3","Follow the gate algorithm and record the final output.","typed_response","29","expression_flow","Follow the gate algorithm and record the final output. Type the missing value in the question mark."
