"Level","Strand","Week","Week topic","Activity","Title","Learning intention","Curriculum codes","Teaching support","Student unlock requirement","Release status","Reasoning example and solution","Application example and solution","Weekly quiz composition"
"7","Number","1","Squares and square roots","Lesson 1","Build square numbers","I am learning to connect square arrays to square notation","AC9M7N01","A square number is a whole number multiplied by itself. The small 2 means two equal factors. For a two-digit number, split it into tens and ones: 43² = 40² + 2 × 40 × 3 + 3². Worked example: 4² = 4 × 4 = 16","Available from the start","Demo review only; every demo activity is unlocked","An 11 by 11 square grows to 12 by 12. Which calculation finds the number of extra tiles? Solution: 11 + 11 + 1. Add one row of 11, one column of 11, and the corner tile: 23. Check: 144 − 121 = 23.","A square display has 11 rows of 11 crystals. It is enlarged to 13 rows of 13. How many extra crystals are needed? Solution: 48. Subtract areas, not side lengths: (11+2)² − 11² = 169 − 121 = 48.","5 from this lesson: 2 fluency, 1 reasoning, 2 application"
"7","Number","1","Squares and square roots","Lesson 2","Find perfect-square roots","I am learning to use square roots to find a square’s side length","AC9M7N01","Taking a square root reverses squaring. For a positive perfect square, √ asks for the positive side length. Worked example: √81 = 9 because 9 × 9 = 81","Complete the previous lesson","Demo review only; every demo activity is unlocked","A square of area 196 m² has each side doubled. Which model finds its new area in m²? Solution: (14 × 2) × (14 × 2). The original side is √196 = 14 m. Both dimensions double, so the new area is 28 × 28 = 784 m².","A square floor has area 196 m². One side length is extended by 7 m to make a rectangle; its width stays unchanged. What is the rectangle's area in m²? Solution: 294. The square's side is √196 = 14 m. The rectangle measures 21 m by 14 m, so area = 294 m².","5 from this lesson: 2 fluency, 1 reasoning, 2 application"
"7","Number","1","Squares and square roots","Lesson 3","Use squares to solve problems","I am learning to use square facts to find perimeters and bound roots","AC9M7N01","Square facts help us find missing lengths and estimate roots that are not whole numbers. Consecutive squares differ by consecutive odd numbers: 1, 4, 9, 16 differ by 3, 5, 7. Worked example: 36 < 43 < 49, so 6 < √43 < 7","Complete the previous lesson","Demo review only; every demo activity is unlocked","A square has area 87 m². Which statement correctly locates its side length? Solution: Between 9 and 10 m because 81 < 87 < 100. A side is the square root of the area. The consecutive perfect squares around 87 are 81 and 100.","A square garden has area 81 m². What is its perimeter in metres? Solution: 36. Each side is √81 = 9 m. Four sides give 36 m.","5 from this lesson: 2 fluency, 1 reasoning, 2 application"
"7","Number","1","Squares and square roots","Weekly Quiz","Weekly Quiz","Apply all three lesson skills independently","AC9M7N01","15 questions; 5 from each lesson","Complete all three lessons; score at least 12/15 (80%)","Demo review only; every demo activity is unlocked","","","15 total: 6 fluency, 3 reasoning, 6 application"
"7","Number","2","Prime factors and powers","Lesson 1","Express prime factors as powers","I am learning to write a number as a product of prime factors","AC9M7N02","Prime numbers have exactly two positive factors. Break composite factors down until only primes remain. Worked example: 72 = 2³ × 3²","Pass every earlier weekly quiz with at least 80%","Demo review only; every demo activity is unlocked","A factor tree for 144 ends with 4 factors of 2 and 2 factors of 3. Which explanation correctly groups the factors? Solution: 2⁴ × 3²; each exponent counts occurrences of its prime factor. The leaves multiply to 144. There are 4 twos and 2 threes, so the prime factorisation is 2⁴ × 3².","Tiles come in boxes of 96. A designer wants one solid square made from full boxes only. What is the smallest number of boxes needed? Solution: 6. 96 = 2⁵ × 3¹. A perfect square needs every exponent even, so multiply by 2 × 3 = 6: 576 = 24².","5 from this lesson: 2 fluency, 1 reasoning, 2 application"
"7","Number","2","Prime factors and powers","Lesson 2","Read and build powers","I am learning to connect exponent notation with repeated multiplication","AC9M7N02","The base is the repeated factor. The exponent tells how many times that factor occurs. Worked example: 3⁴ = 3 × 3 × 3 × 3 = 81","Complete the previous lesson","Demo review only; every demo activity is unlocked","A student writes 5⁵ = 25. Which calculation is correct? Solution: 5 × 5 × 5 × 5 × 5. The exponent counts equal factors, not groups to add. 5⁵ means 5 factors of 5, giving 3125.","Each branch splits into 2 branches. After 4 splits, how many endpoints are there? Solution: 16. Multiply by 2 at each split: 2⁴ = 16.","5 from this lesson: 2 fluency, 1 reasoning, 2 application"
"7","Number","2","Prime factors and powers","Lesson 3","Find common factors and multiples","I am learning to use prime factors to find HCF and LCM","AC9M7N02","HCF is the greatest shared factor. LCM is the smallest positive shared multiple. Worked example: 12 = 2² × 3; 18 = 2 × 3²; HCF = 6; LCM = 36","Complete the previous lesson","Demo review only; every demo activity is unlocked","Share 9 blue and 12 gold crystals into as many identical packs as possible. None are left. Which method finds the number of packs? Solution: Find the highest common factor. Use the highest common factor: 3. Each pack has 3 blue and 4 gold crystals.","Two lights flash every 6 and 9 seconds. They flash together now. How many seconds until they next flash together? Solution: 18. Find the lowest common multiple of 6 and 9: 18 seconds.","5 from this lesson: 2 fluency, 1 reasoning, 2 application"
"7","Number","2","Prime factors and powers","Weekly Quiz","Weekly Quiz","Apply all three lesson skills independently","AC9M7N02","15 questions; 5 from each lesson","Complete all three lessons; score at least 12/15 (80%)","Demo review only; every demo activity is unlocked","","","15 total: 6 fluency, 3 reasoning, 6 application"
"7","Number","3","Place value and powers of ten","Lesson 1","Understand powers of ten","I am learning to evaluate powers of ten","AC9M7N03","Each multiplication by 10 moves to the next place-value column. Worked example: 10⁴ = 10 × 10 × 10 × 10 = 10 000","Pass every earlier weekly quiz with at least 80%","Demo review only; every demo activity is unlocked","Why is 10⁴ ten times 10³? Solution: It contains one additional factor of 10. Write out the repeated factors: the next power adds one multiplication by 10. 10³ × 10 = 10⁴.","A warehouse holds 8 × 10⁵ items and sends out 4 × 10⁴ items. How many remain? Solution: 760000. Evaluate each power before subtracting: 800000 − 40000 = 760000.","5 from this lesson: 2 fluency, 1 reasoning, 2 application"
"7","Number","3","Place value and powers of ten","Lesson 2","Expand whole numbers","I am learning to write whole numbers using powers of ten","AC9M7N03","Each digit contributes its digit value multiplied by the value of its place. Worked example: 34 205 = 3 × 10⁴ + 4 × 10³ + 2 × 10² + 5","Complete the previous lesson","Demo review only; every demo activity is unlocked","Which expanded form equals 706,020? Solution: 7 × 10⁵ + 6 × 10³ + 2 × 10. The nonzero places are hundred-thousands, thousands and tens. The empty places still need zero placeholders.","A counter records 7 × 10⁴ + 6 × 10² + 2 × 10 items. Another 8000 items arrive. What is the new total? Solution: 78620. Expanded count = 70620. Add 8000 to get 78620; regroup place values where needed.","5 from this lesson: 2 fluency, 1 reasoning, 2 application"
"7","Number","3","Place value and powers of ten","Lesson 3","Rebuild and reason about place value","I am learning to find missing parts in expanded notation","AC9M7N03","A power of ten identifies a place; the coefficient tells how many of that place we have. Worked example: 6 × 10⁴ + 8 × 10² + 2 = 60 802","Complete the previous lesson","Demo review only; every demo activity is unlocked","In 40305, the digit 4 is moved from ten-thousands to thousands while all other place-value contributions stay unchanged. Which calculation gives the new total? Solution: 40305 − 40000 + 4000. Only the 4's contribution changes: replace 40000 with 4000. Dividing the entire number by 10 would change every contribution.","A record says 43050 = 4 × 10⁴ + □ × 10³ + 5 × 10. What digit belongs in the box? Solution: 3. Subtract known contributions 40050 from 43050, leaving 3000. That is 3 thousands, so the digit is 3.","5 from this lesson: 2 fluency, 1 reasoning, 2 application"
"7","Number","3","Place value and powers of ten","Weekly Quiz","Weekly Quiz","Apply all three lesson skills independently","AC9M7N03","15 questions; 5 from each lesson","Complete all three lessons; score at least 12/15 (80%)","Demo review only; every demo activity is unlocked","","","15 total: 6 fluency, 3 reasoning, 6 application"
"7","Number","4","Equivalent rational numbers","Lesson 1","Simplify and scale fractions","I am learning to find equivalent fractions in simplest form","AC9M7N04","Multiplying or dividing both parts of a fraction by the same nonzero number preserves its value. Worked example: 18/24 = 3/4","Pass every earlier weekly quiz with at least 80%","Demo review only; every demo activity is unlocked","How can you change 21/28 to 3/4? Solution: Divide the top and bottom by 7. Equivalent fractions are formed by multiplying or dividing both parts by the same nonzero factor. Here that factor is 7.","A tank holds 120 L. 3/12 of its capacity is used. How many litres remain? Solution: 90. 3/12 simplifies to 1/4. One quarter of 120 L is 120 ÷ 4 = 30 L used, so 120 − 30 = 90 L remain.","5 from this lesson: 2 fluency, 1 reasoning, 2 application"
"7","Number","4","Equivalent rational numbers","Lesson 2","Connect fractions and decimals","I am learning to convert between fractions and terminating decimals","AC9M7N04","The fraction bar means division. Equivalent fractions can make a denominator of 10, 100 or 1000. Worked example: 3/8 = 375/1000 = 0.375","Complete the previous lesson","Demo review only; every demo activity is unlocked","Which calculation equals 3/8? Solution: (3 × 125) ÷ (8 × 125). Scale both parts by 125 to get 375/1000 = 0.375. Multiplying only one part changes the value.","A rope is 13.75 m long. A piece of 8 1/4 m is cut off. How many metres remain? Solution: 5.5. Convert 8 1/4 to 8.25 m, then subtract from 13.75 m to get 5.5 m.","5 from this lesson: 2 fluency, 1 reasoning, 2 application"
"7","Number","4","Equivalent rational numbers","Lesson 3","Connect fractions and percentages","I am learning to choose equivalent fraction, decimal and percent forms","AC9M7N04","Percent means out of 100. Different forms can represent the same quantity. To write one amount as a percentage of another, form the fraction part/whole, then scale it to hundredths: 18 of 24 = 3/4 = 75%. Worked example: 3/5 = 60/100 = 0.6 = 60%","Complete the previous lesson","Demo review only; every demo activity is unlocked","Which pair equals 12%? Solution: 0.12 and 3/25. 12% means 12 out of 100. As a decimal it is 0.12, and as a simplified fraction it is 3/25.","51 of a club's 60 members attend. What percentage attend? Solution: 85. Attendance as a fraction is 51/60 = 17/20. Scale to hundredths: 85/100 = 85%.","5 from this lesson: 2 fluency, 1 reasoning, 2 application"
"7","Number","4","Equivalent rational numbers","Weekly Quiz","Weekly Quiz","Apply all three lesson skills independently","AC9M7N04","15 questions; 5 from each lesson","Complete all three lessons; score at least 12/15 (80%)","Demo review only; every demo activity is unlocked","","","15 total: 6 fluency, 3 reasoning, 6 application"
"7","Number","5","Addition and subtraction of integers","Lesson 1","Compare and order integers","I am learning to order integers and describe their magnitude","AC9M7N07","On a number line, values increase to the right. Magnitude is distance from zero. Worked example: −7 < −2 < 0 < 4","Pass every earlier weekly quiz with at least 80%","Demo review only; every demo activity is unlocked","Which statement distinguishes value from magnitude for -7 and -26? Solution: -26 has the greater magnitude but the smaller value. Magnitude is distance from zero. -26 is farther from zero but lies farther left, so it is smaller.","Four sites have elevations -27, -6, 0, 3 m. How many metres higher is the highest site than the lowest? Solution: 30. The lowest is -27 m and highest is 3 m. Count up from -27 to 0 (27 m), then from 0 to 3 (3 m): 30 m.","5 from this lesson: 2 fluency, 1 reasoning, 2 application"
"7","Number","5","Addition and subtraction of integers","Lesson 2","Add integers across zero","I am learning to use direction and magnitude to add integers","AC9M7N07","Adding a positive moves right; adding a negative moves left. Worked example: −4 + 7 = 3","Complete the previous lesson","Demo review only; every demo activity is unlocked","Which number-line move represents -14 + (-5)? Solution: Start at -14 and move 5 places left to -19. Adding a negative moves left. Starting at -14, another 5 steps left gives -19.","A diver starts at -14 m relative to sea level, rises 15 m, then descends 8 m. What is the final signed position in metres? Solution: -7. Model the changes: -14 + 15 + (-8) = -7 m. Up is positive and down is negative.","5 from this lesson: 2 fluency, 1 reasoning, 2 application"
"7","Number","5","Addition and subtraction of integers","Lesson 3","Subtract positive and negative integers","I am learning to rewrite subtraction as adding the opposite","AC9M7N07","Subtracting a number has the same effect as adding its opposite. Worked example: 3 − (−5) = 3 + 5 = 8","Complete the previous lesson","Demo review only; every demo activity is unlocked","Which addition is equivalent to -9 − (-4)? Solution: -9 + 4. Subtracting -4 means adding its opposite, +4. Keep the starting value -9.","An account balance is −$9. A charge of $4 is made, then a mistaken debit of $5 is reversed. What is the final signed balance in dollars? Solution: -8. The charge subtracts 4. Reversing a debit subtracts a negative: -9 − 4 − (-5) = -8.","5 from this lesson: 2 fluency, 1 reasoning, 2 application"
"7","Number","5","Addition and subtraction of integers","Weekly Quiz","Weekly Quiz","Apply all three lesson skills independently","AC9M7N07","15 questions; 5 from each lesson","Complete all three lessons; score at least 12/15 (80%)","Demo review only; every demo activity is unlocked","","","15 total: 6 fluency, 3 reasoning, 6 application"
"7","Number","6","Rational numbers on a line","Lesson 1","Place fractions between whole numbers","I am learning to locate fractions and mixed numbers on a line","AC9M7N04","Split each whole into equal intervals. The denominator tells the size of each step. Worked example: 7/4 = 1 3/4 = 1.75","Pass every earlier weekly quiz with at least 80%","Demo review only; every demo activity is unlocked","Which fraction is at P? Solution: 5/2. Each space is 1/2. Count 5 spaces from 0: 5/2 = 2 1/2.","Start at P. Move 1/2 to the right. What decimal do you reach? Solution: 3. P is 2.5. Move one space right: 2.5 + 0.5 = 3.","5 from this lesson: 2 fluency, 1 reasoning, 2 application"
"7","Number","6","Rational numbers on a line","Lesson 2","Locate negative rational numbers","I am learning to place negative fractions and decimals on a line","AC9M7N04","Negative numbers lie to the left of zero. Further left means smaller. Worked example: −1.5 = −3/2, halfway between −2 and −1","Complete the previous lesson","Demo review only; every demo activity is unlocked","Which fraction is at P? Solution: -5/2. P is left of 0, so it is negative. Each space is 1/4. Its value is -5/2.","Move 1/4 left from P. Give the new decimal. Solution: -2.75. P is -2.5. Moving left subtracts 0.25. You reach -2.75.","5 from this lesson: 2 fluency, 1 reasoning, 2 application"
"7","Number","6","Rational numbers on a line","Lesson 3","Compare rational representations","I am learning to order rational numbers using a common representation","AC9M7N04","Convert to comparable forms, then use their positions on the number line. Worked example: −3/4 < −0.5 < 1/4 < 0.6","Complete the previous lesson","Demo review only; every demo activity is unlocked","Which comparison and explanation are correct for -1.25 and -1.5? Solution: -1.5 < -1.25 because -1.5 is farther left on the number line. For negative numbers, greater magnitude means farther left and therefore smaller value. -1.5 is one quarter less than -1.25.","At dawn it is −2 3/4 °C. At noon it is 2 °C. By how many degrees has the temperature risen? Solution: 4.75. Use comparable decimals: dawn -2.75 °C. Rise = 2 − (-2.75) = 4.75 °C.","5 from this lesson: 2 fluency, 1 reasoning, 2 application"
"7","Number","6","Rational numbers on a line","Weekly Quiz","Weekly Quiz","Apply all three lesson skills independently","AC9M7N04","15 questions; 5 from each lesson","Complete all three lessons; score at least 12/15 (80%)","Demo review only; every demo activity is unlocked","","","15 total: 6 fluency, 3 reasoning, 6 application"
"7","Number","7","Rounding and estimation","Lesson 1","Round to a given accuracy","I am learning to round decimals and amounts to a specified accuracy","AC9M7N05","Look at the digit immediately after the last place you are keeping. The same rule rounds a budget to the nearest $10 or $100. Worked example: 4.376 ≈ 4.38 to two decimal places","Pass every earlier weekly quiz with at least 80%","Demo review only; every demo activity is unlocked","Round 13.249 to 1 decimal place. Solution: 13.2. Check the hundredths digit: 4. Keep the tenths digit unchanged: 13.2.","Fabric: 6 m at $13.345 per metre. Find the total cost, rounded to cents. Solution: 80.07. Multiply before rounding: 6 × 13.345 = 80.070. Round that total once to $80.07.","5 from this lesson: 2 fluency, 1 reasoning, 2 application"
"7","Number","7","Rounding and estimation","Lesson 2","Choose sensible contextual rounding","I am learning to choose rounding that meets a practical need","AC9M7N05","The purpose determines whether to round to the nearest value or round up to meet a need. Worked example: 2.3 litres needed; sold in 1-litre tins → buy 3 tins","Complete the previous lesson","Demo review only; every demo activity is unlocked","How many whole tins are needed? [Visual: 8.4 L needed; tins hold 3 L.] Solution: 3. 8.4 ÷ 3 = 2.8. Round up: 3 tins hold enough paint.","What is the cheapest total cost in dollars? [Visual: 8.4 L needed; tins hold 3 L; $15 per tin.] Solution: 45. At least 3 whole tins are needed. Multiply by $15: $45.","5 from this lesson: 2 fluency, 1 reasoning, 2 application"
"7","Number","7","Rounding and estimation","Lesson 3","Estimate and check answers","I am learning to use estimates to judge whether an answer is reasonable","AC9M7N05","An estimate uses nearby convenient numbers to check the size of an answer. Worked example: 19.8 × 5.1 ≈ 20 × 5 = 100","Complete the previous lesson","Demo review only; every demo activity is unlocked","Estimate 149.8 × 6.1 using nearby whole numbers to check its size. Which calculation is appropriate? Solution: 150 × 6. 149.8 is close to 150 and 6.1 is close to 6. The product should be about 900, helping detect a misplaced decimal point.","Estimate the cost of 7 items at $149.80 each plus $50 delivery. Round the item price to the nearest ten before calculating. What is the estimate in dollars? Solution: 1100. Use $150 per item: 7 × 150 + 50 = $1100. Add delivery once.","5 from this lesson: 2 fluency, 1 reasoning, 2 application"
"7","Number","7","Rounding and estimation","Weekly Quiz","Weekly Quiz","Apply all three lesson skills independently","AC9M7N05","15 questions; 5 from each lesson","Complete all three lessons; score at least 12/15 (80%)","Demo review only; every demo activity is unlocked","","","15 total: 6 fluency, 3 reasoning, 6 application"
"7","Number","8","Operations with fractions","Lesson 1","Add and subtract fractions","I am learning to use common denominators for fraction addition and subtraction","AC9M7N06","Fractions must describe equal-sized parts before we add or subtract them. For mixed numbers, convert to improper fractions first, then convert back. Worked example: Question: 2/3 + 1/4. Match: 2/3 = 8/12; 1/4 = 3/12. Add: 8/12 + 3/12 = 11/12. Already simplified.","Pass every earlier weekly quiz with at least 80%","Demo review only; every demo activity is unlocked","A student says 7/8 + 1/9 = 8/17. What is the correct sum? Give a fraction. Solution: 71/72. The student added the denominators, but 1/8 and 1/9 are different-sized parts. Rename both: 63/72 + 8/72 = 71/72.","A jug holds 3/4 L. Use 1/5 L. How many litres remain? Give a fraction. Solution: 11/20. Match denominators: 3/4 = 15/20; 1/5 = 4/20. Subtract the numerators: 11/20 L.","5 from this lesson: 2 fluency, 1 reasoning, 2 application"
"7","Number","8","Operations with fractions","Lesson 2","Multiply fractions","I am learning to find a fraction of a fraction","AC9M7N06","Multiply numerators and denominators, then simplify. An area model shows a part of a part. Write a mixed number as an improper fraction before multiplying: 1 1/2 = 3/2. Worked example: 2/3 × 3/4 = 6/12 = 1/2","Complete the previous lesson","Demo review only; every demo activity is unlocked","Without multiplying exactly, how does 6/7 × 6/7 compare with 6/7? Solution: It is smaller because 6/7 is positive and less than 1. Multiplying by 6/7 takes only a fraction of the first quantity. Both factors are positive, so the result is positive and smaller than 6/7.","A tank holds 156 L. First 3/4 of the water is set aside. Then 2/3 of that amount is used. How many litres are used? Solution: 78. A fraction of a fraction means multiply: 156 × 3/4 × 2/3 = 156/2 = 78 L.","5 from this lesson: 2 fluency, 1 reasoning, 2 application"
"7","Number","8","Operations with fractions","Lesson 3","Divide by a fraction","I am learning to interpret and calculate fraction division","AC9M7N06","Division asks how many groups fit. Multiply by the reciprocal of the divisor. Worked example: 3/4 ÷ 1/8 = 3/4 × 8/1 = 6","Complete the previous lesson","Demo review only; every demo activity is unlocked","Which multiplication is equivalent to 5/6 ÷ 3/4? Solution: 5/6 × 4/3. Keep the dividend and multiply by the reciprocal of the divisor only: 5/6 × 4/3 = 10/9.","You have 9/2 L of juice. Each bottle holds 3/4 L. What is the greatest number of completely full bottles you can fill? Solution: 6. Divide by the bottle capacity: 9/2 ÷ 3/4 = 6. Only whole complete bottles count, so round down to 6.","5 from this lesson: 2 fluency, 1 reasoning, 2 application"
"7","Number","8","Operations with fractions","Weekly Quiz","Weekly Quiz","Apply all three lesson skills independently","AC9M7N06","15 questions; 5 from each lesson","Complete all three lessons; score at least 12/15 (80%)","Demo review only; every demo activity is unlocked","","","15 total: 6 fluency, 3 reasoning, 6 application"
"7","Number","9","Operations with decimals","Lesson 1","Add and subtract decimals","I am learning to align decimal places for accurate calculations","AC9M7N06","Align place values so tenths combine with tenths and hundredths with hundredths. Worked example: 4.7 + 2.85 = 4.70 + 2.85 = 7.55","Pass every earlier weekly quiz with at least 80%","Demo review only; every demo activity is unlocked","Which calculation aligns place values to find 15.7 + 4.85? Solution: (1570 + 485) ÷ 100. Write both values in hundredths: 15.7 = 1570/100 and 4.85 = 485/100. Add like place values.","You pay with $75 for items costing $4.75, $5.85 and $5.65. What is your change in dollars? Solution: 58.75. Total = $16.25. Change = $75 − $16.25 = $58.75.","5 from this lesson: 2 fluency, 1 reasoning, 2 application"
"7","Number","9","Operations with decimals","Lesson 2","Multiply and divide decimals","I am learning to use scaling to calculate with decimals","AC9M7N06","Choose an example to see how whole-number facts help with decimals. Worked example: Division: 3.6 is 36 tenths; 0.4 is 4 tenths. 36 ÷ 4 = 9 groups. Multiplication: 6 × 4 = 24; tenths × tenths gives hundredths, so 0.6 × 0.4 = 0.24.","Complete the previous lesson","Demo review only; every demo activity is unlocked","Which whole-number division is equivalent to 4.2 ÷ 0.3? Solution: 42 ÷ 3. Scale the dividend and divisor by the same factor of 10. Scaling only one changes the quotient.","There are 12 kg of seed. Reserve 0.6 kg, then divide the rest into 0.3 kg bags. How many bags can be filled? Solution: 38. Available seed = 11.4 kg. Scale the division by 10: 114 ÷ 3 = 38 bags.","5 from this lesson: 2 fluency, 1 reasoning, 2 application"
"7","Number","9","Operations with decimals","Lesson 3","Choose efficient number forms","I am learning to use convenient fraction and decimal equivalents","AC9M7N06","Choose a representation that makes the calculation simpler. Build other percentages from 50%, 10% and 5%: 55% of 120 = 60 + 6 = 66. Worked example: 12.5% of 80 = 1/8 of 80 = 10","Complete the previous lesson","Demo review only; every demo activity is unlocked","Which calculation uses a fraction equivalent to 37.5% to find 37.5% of 40? Solution: 40 ÷ 8 × 3. 37.5% = 0.375 = 3/8. One eighth of 40 is 5, so three eighths is 15.","A grant is $80. Equipment uses 37.5% and transport uses 12.5% of the original grant. How many dollars remain? Solution: 40. 37.5% = 3/8 and 12.5% = 1/8. Together 4/8 is spent, leaving half: $40. Both percentages refer to the original grant.","5 from this lesson: 2 fluency, 1 reasoning, 2 application"
"7","Number","9","Operations with decimals","Weekly Quiz","Weekly Quiz","Apply all three lesson skills independently","AC9M7N06","15 questions; 5 from each lesson","Complete all three lessons; score at least 12/15 (80%)","Demo review only; every demo activity is unlocked","","","15 total: 6 fluency, 3 reasoning, 6 application"
"7","Number","10","Ratios and sharing","Lesson 1","Read and simplify ratios","I am learning to describe part-to-part and part-to-whole relationships","AC9M7N08","A ratio compares quantities in a stated order. Divide all parts by the same common factor to simplify; this works for three-part ratios too: 6 : 12 : 18 = 1 : 2 : 3. Worked example: 6 blue : 9 gold = 2 : 3","Pass every earlier weekly quiz with at least 80%","Demo review only; every demo activity is unlocked","Blue:gold crystals = 5:2. Which fraction of all crystals is blue? Solution: 5/7. There are 7 total parts, of which 5 are blue. A part-to-part ratio is different from a fraction of the whole.","A bag has 24 blue and 36 gold crystals. Add 36 blue crystals. What fraction of the new total is blue? Give a decimal. Solution: 0.625. Blue becomes 60; the new total is 96. The fraction is 5/8 = 0.625. Adding changes the original 2:3 ratio.","5 from this lesson: 2 fluency, 1 reasoning, 2 application"
"7","Number","10","Ratios and sharing","Lesson 2","Share a total in a ratio","I am learning to divide a quantity into proportional parts","AC9M7N08","Add the ratio parts to find how many equal shares make the whole. If one share is known instead, divide it by its parts to find one part: ratio 2 : 3 with 12 in the first share gives 6 per part, so 18 in the second. Worked example: Share $40 in ratio 3:5 → $15 and $25","Complete the previous lesson","Demo review only; every demo activity is unlocked","Share $21 in the ratio 1:2. Which model correctly finds the first share? Solution: 21 ÷ (1 + 2) × 1. First find one of the 3 equal parts: $7. The first share contains 1 part, so it is $7.","Mia and Leo share money in the ratio 1:2. Mia receives $7. How many dollars do they share altogether? Solution: 21. One part is $7 ÷ 1 = $7. Altogether there are 3 parts: 3 × $7 = $21.","5 from this lesson: 2 fluency, 1 reasoning, 2 application"
"7","Number","10","Ratios and sharing","Lesson 3","Solve mixture and scale problems","I am learning to apply ratios in practical situations","AC9M7N08","Equivalent ratios preserve the relationship when quantities scale together. Worked example: Concentrate:water = 1:4; 500 mL mixture uses 100 mL concentrate","Complete the previous lesson","Demo review only; every demo activity is unlocked","Concentrate:water = 3:2. Which model finds the water in a 500 mL mixture? Solution: 500 ÷ (3 + 2) × 2. The mixture has 5 parts altogether. Water takes 2 of them, so use 2/5 of 500 mL.","A drink contains 1400 mL concentrate and 5600 mL water. Add 1400 mL concentrate. How much extra water is needed to restore a 1:4 concentrate-to-water ratio? Solution: 5600. New concentrate is 2800 mL, requiring 11200 mL water. There is already 5600 mL, so add 5600 mL.","5 from this lesson: 2 fluency, 1 reasoning, 2 application"
"7","Number","10","Ratios and sharing","Weekly Quiz","Weekly Quiz","Apply all three lesson skills independently","AC9M7N08","15 questions; 5 from each lesson","Complete all three lessons; score at least 12/15 (80%)","Demo review only; every demo activity is unlocked","","","15 total: 6 fluency, 3 reasoning, 6 application"
"7","Number","11","Percentages and financial decisions","Lesson 1","Calculate discounts and final costs","I am learning to model a discount followed by an extra cost","AC9M7N09","A discount reduces the original price. Add delivery after finding the sale price unless stated otherwise. Worked example: $80 with 25% off and $6 delivery → $66","Pass every earlier weekly quiz with at least 80%","Demo review only; every demo activity is unlocked","A $180 bag is 20% off. Delivery of $8 is not discounted. Which model gives the final cost? Solution: 180 × 0.8 + 8. Pay 80% of the bag's price, then add all of the delivery fee. The discount is a percentage, not $20.","Store A sells a $180 bag at 25% off plus $4 delivery. Store B charges $144 with free delivery. How many dollars cheaper is Store A? Solution: 5. A costs $139; B costs $144. Compare final costs: 144 − 139 = $5.","5 from this lesson: 2 fluency, 1 reasoning, 2 application"
"7","Number","11","Percentages and financial decisions","Lesson 2","Calculate profit and loss","I am learning to express profit or loss as a percentage of cost","AC9M7N09","Profit is revenue minus cost. Profit percentage compares profit with the original cost. Worked example: Cost $50, revenue $65 → profit $15 → 30%","Complete the previous lesson","Demo review only; every demo activity is unlocked","An event costs $160 and earns $195. Which calculation expresses profit as a percentage of cost? Solution: (195 − 160) ÷ 160 × 100. Profit is revenue minus cost. Compare that profit with the original cost, not revenue, then multiply by 100.","A fundraiser spends $320 on supplies and $80 on a venue. It earns $448. What is its profit as a percentage of total cost? Solution: 12. Total cost = $400. Profit = $48. Profit percentage = (48 ÷ 400) × 100 = 12%. Include both costs.","5 from this lesson: 2 fluency, 1 reasoning, 2 application"
"7","Number","11","Percentages and financial decisions","Lesson 3","Compare value for money","I am learning to compare unit prices and justify a purchasing choice","AC9M7N09","Unit price puts different pack sizes on the same basis. Check whether the cheaper option also meets the need. Worked example: 4 for $10 = $2.50 each; 6 for $12 = $2 each","Complete the previous lesson","Demo review only; every demo activity is unlocked","Pack A: 4 notebooks for $26.00. Pack B: 6 for $37.50. Which comparison correctly identifies the lower unit price? Solution: B is cheaper: $6.25 each versus A: $6.50 each. Divide each pack's price by its quantity. B is $0.25 cheaper per notebook; total pack price alone does not compare equal quantities.","6 notebooks cost $27.00. What is the cost of one notebook in dollars? Solution: 4.50. Divide the pack price by 6: $27.00 ÷ 6 = $4.50.","5 from this lesson: 2 fluency, 1 reasoning, 2 application"
"7","Number","11","Percentages and financial decisions","Weekly Quiz","Weekly Quiz","Apply all three lesson skills independently","AC9M7N09","15 questions; 5 from each lesson","Complete all three lessons; score at least 12/15 (80%)","Demo review only; every demo activity is unlocked","","","15 total: 6 fluency, 3 reasoning, 6 application"
"7","Number","12","Model, solve and explain","Lesson 1","Plan an expedition budget","I am learning to choose representations to solve a multi-step rational-number problem","AC9M7N09","Build a calculation from the information, estimate, solve, then interpret the answer. Worked example: 3 supplies at $4.50 plus $2 delivery = $15.50","Pass every earlier weekly quiz with at least 80%","Demo review only; every demo activity is unlocked","You have $56. Buy 9 supplies at $3.75 each and pay one delivery fee of $4. Which model gives money remaining? Solution: 56 − (9 × 3.75 + 4). Multiply quantity by unit price, add delivery once, then subtract the full cost from the budget.","You have $120. You buy 6 kits at $8.50 each. How many dollars remain? Solution: 69.00. Kits cost 6 × $8.50. Subtract this cost from $120.","Existing Level 7 post-test"
"7","Number","12","Model, solve and explain","Lesson 2","Model signed changes","I am learning to interpret positive and negative changes in context","AC9M7N09","Choose zero as a reference and translate each change into a signed operation. Worked example: A lift starts at −3, rises 8, then descends 2 → floor 3","Complete the previous lesson","Demo review only; every demo activity is unlocked","A lift starts at floor −8, rises 13 floors, then descends 3. Which model finds the final floor? Solution: −8 + 13 − 3. Use the signed starting position, add the rise and subtract the descent. Distance travelled would be 16, a different quantity.","A lift starts at floor -8, rises 13 floors, then descends to floor -3. How many floors does it descend? Solution: 8. After rising, the lift is at floor 5. The descent from there to -3 is 5 − (-3) = 8 floors.","Existing Level 7 post-test"
"7","Number","12","Model, solve and explain","Lesson 3","Justify a model and check a solution","I am learning to select a calculation and explain why it matches the situation","AC9M7N09","A good model accounts for the quantities and their order. Check the result against the context. Worked example: A $60 bag is 20% off, then $5 delivery: 60 × 0.8 + 5 = $53","Complete the previous lesson","Demo review only; every demo activity is unlocked","75% of 160 students buy a ticket costing $6.50. Which model gives ticket revenue? Solution: 160 × 0.75 × 6.5. Convert the attendance percentage to a decimal to find the number buying tickets, then multiply by the ticket price.","60% of 160 students attend an event and pay $6.50 each. Total event costs are $40. What is the profit in dollars? Solution: 584. Attendance = 160 × 0.6 = 96. Revenue = 96 × $6.50 = $624. Subtract costs of $40 to get $584.","Existing Level 7 post-test"
"7","Number","12","Model, solve and explain","Modelling Task","Sausage sizzle fundraiser","I am learning to formulate, solve and justify a mathematical model of a real situation","AC9M7N09; AC9M7N06; AC9M7N05","Teacher-marked extended task with a four-criterion rubric (formulate, represent and calculate, interpret, justify). Students may use a spreadsheet. Task and rubric: docs/lessons/number7-modelling-task.md","Teacher-marked; does not gate the post-test","Demo review only; every demo activity is unlocked","","","Rubric out of 12; not part of a weekly quiz"
"7","Number","12","Model, solve and explain","Post-Test","Level 7 Post-Test","Demonstrate Level 7 Number mastery","AC9M7N01–AC9M7N09","Existing Level 7 post-test","Complete all three lessons; existing post-test pass threshold is 85%","Demo review only; every demo activity is unlocked","","","Existing post-test; no weekly quiz"
