"Level","Strand","Week","Topic","Activity","Title","Learning intention","Curriculum","Teaching support","Worked example","Reasoning example","Application example","Student progression","Release"
"7","Statistics","1","Questions and numerical data","Lesson 1","Distinguish numerical variables","I am learning to identify discrete and continuous numerical data","AC9M7ST03","Counts are discrete; measurements can take values between whole numbers.","A class records the number of cars in a car park for 25 students. Is this variable discrete or continuous? Type discrete or continuous. Given: See the question text. Answer: Discrete. It is a count, so it changes in whole steps.","Leo weighed bags to the nearest kilogram and says mass is discrete. What type of variable is it? Type discrete or continuous. Given: See the question text. Answer: Continuous. Mass is measured, not counted. Rounding hides values between whole kilograms.","A survey records four variables: height of a seedling; number of texts sent in a day; time taken to run 100 m; daily rainfall. How many of these variables are continuous? Given: See the question text. Answer: 3. Measured quantities are continuous: height of a seedling, time taken to run 100 m, daily rainfall. Counts are discrete.","Available from the start","Demo only; all activities unlocked for review"
"7","Statistics","1","Questions and numerical data","Lesson 2","Ask an investigable question","I am learning to form a question that expects numerical variation","AC9M7ST03","Specify what will be measured, who or what is included, and the comparison of interest.","An investigation will compare sleep durations for 19 people in each of two groups. Which question supports a numerical investigation? Given: See the question text. Answer: How do the sleep durations of the two groups compare?. The question expects numerical data that vary, and compares two distributions.","A student plans to investigate the question “Is the school day too long?” What is the main problem with this question? Given: See the question text. Answer: It asks for an opinion, not a measurement. An investigable statistical question names a numerical variable that varies across the people or objects measured.","To compare the reaction times of Year 7 students and adults, you will test 18 people from each group, with 4 attempts per person. How many reaction times will you record altogether? Given: See the question text. Answer: 144. Each group gives 18 × 4 = 72 times, and there are two groups: 2 × 72 = 144.","Complete the previous lesson","Demo only; all activities unlocked for review"
"7","Statistics","1","Questions and numerical data","Lesson 3","Plan consistent collection","I am learning to plan a fair and consistent measurement method","AC9M7ST03","Use common units, clear instructions and comparable conditions.","One group measures pulse rates after sitting and another after running. What makes the comparison fair? Given: See the question text. Answer: Measure every pulse rate after the same activity. Activity changes pulse rate, so it must be kept the same.","Group A recorded jump lengths in cm. Group B recorded one jump as 263 mm. Convert it to cm so the data can be combined. Given: See the question text. Answer: 26.3. 10 mm = 1 cm, so divide by 10: 263 ÷ 10 = 26.3 cm.","The plan says to measure plants from the soil to the tip. One student measured from the top of the pot, which is 5 cm above the soil, and got 27, 22, 11 cm. Type the corrected heights in the same order. Given: See the question text. Answer: 32, 27, 16. Each plant is 5 cm taller than measured from the pot, so add 5 to every reading.","Complete the previous lesson","Demo only; all activities unlocked for review"
"7","Statistics","1","Questions and numerical data","Weekly Quiz","Weekly Quiz","Apply the three weekly lesson skills","AC9M7ST03","15 questions: five per lesson (2 fluency, 1 reasoning, 2 application)","","","","Complete three lessons; at least 12/15 (80%) to pass","Demo only; all activities unlocked for review"
"7","Statistics","2","Mean and frequency","Lesson 1","Calculate a mean","I am learning to find the mean of a numerical data set","AC9M7ST01","Add all observations and divide by the number of observations.","What is the mean? Given: Seedling heights (cm): 12, 12, 28, 29, 10, 18, 9, 26. Answer: 18. Total = 144. There are 8 values, so the mean is 144 ÷ 8 = 18.","A student added these values and divided by the largest value, getting 4.4333. Type the correct mean. Given: Seedling heights (cm): 18, 30, 12, 28, 9, 10, 26. Answer: 19. Divide the total by the number of values, not the largest value: 133 ÷ 7 = 19.","At this mean rate, how much would 19 weeks total? Given: Kilometres cycled per week (km): 52, 45, 32, 25, 23, 21. Answer: 627. Mean = 198 ÷ 6 = 33. For 19 weeks: 33 × 19 = 627.","Pass all earlier weekly quizzes at 80% or higher","Demo only; all activities unlocked for review"
"7","Statistics","2","Mean and frequency","Lesson 2","Recover a missing observation","I am learning to use a known mean to recover a missing value","AC9M7ST01","Mean times count gives the total; subtract the known values.","All 6 values have a mean of 21. One value is missing. What is it? Given: Seedling heights: 5 of 6 values (cm): 9, 33, 28, 12, 26. Answer: 18. Total = 6 × 21 = 126. Known total = 108. Missing value = 126 − 108 = 18.","6 test scores have a mean of 66. One more score is added and the mean of all 7 scores becomes 67. What score was added? Given: See the question text. Answer: 73. Old total = 6 × 66 = 396. New total = 7 × 67 = 469. Added score = 469 − 396 = 73.","You need a mean of at least 70 over five tests. What is the lowest score you need on test 5? Given: Your first four test scores (marks): 89, 80, 60, 58. Answer: 63. Five tests at a mean of 70 need a total of 5 × 70 = 350. You have 287, so you need 350 − 287 = 63.","Complete the previous lesson","Demo only; all activities unlocked for review"
"7","Statistics","2","Mean and frequency","Lesson 3","Use a frequency table","I am learning to calculate a mean using frequencies","AC9M7ST01","Multiply each value by its frequency, add, then divide by total frequency.","What is the mean number of pets per household? Given: Pets per household. Pets; Frequency: 0, 5; 1, 1; 2, 1; 3, 1. Answer: 0.75. Multiply each value by its frequency and add: 0 × 5 + 1 × 1 + 2 × 1 + 3 × 1 = 6. Divide by the total frequency 8: mean = 0.75.","A student averaged the numbers in the Pets column and got 1.5. Type the correct mean number of pets per household. Given: Pets per household. Pets; Frequency: 0, 5; 1, 1; 2, 1; 3, 1. Answer: 0.75. That ignores how often each value occurs. Multiply each value by its frequency and add: 0 × 5 + 1 × 1 + 2 × 1 + 3 × 1 = 6. Divide by the total frequency 8: mean = 0.75.","Each cup costs $4. What is the mean amount spent per customer? Given: Cups of coffee per customer. Cups; Customers: 1, 5; 2, 1; 3, 1; 4, 1. Answer: 7. Mean cups = 14 ÷ 8 = 1.75. Mean spend = 1.75 × $4 = $7.","Complete the previous lesson","Demo only; all activities unlocked for review"
"7","Statistics","2","Mean and frequency","Weekly Quiz","Weekly Quiz","Apply the three weekly lesson skills","AC9M7ST01","15 questions: five per lesson (2 fluency, 1 reasoning, 2 application)","","","","Complete three lessons; at least 12/15 (80%) to pass","Demo only; all activities unlocked for review"
"7","Statistics","3","Median and mode","Lesson 1","Find an odd-sized median","I am learning to order data and find its middle value","AC9M7ST01","Put observations in order, then locate the middle position.","What is the median? Given: Seedling heights (cm): 15, 23, 16, 37, 22, 36, 35, 26, 18. Answer: 23. Order the values: 15, 16, 18, 22, 23, 26, 35, 36, 37. The middle (value 5) is 23.","A student said the median is 22 because it is in the middle of the list. Type the correct median. Given: Seedling heights (cm): 15, 23, 16, 37, 22, 36, 35, 26, 18. Answer: 23. The data must be ordered first: 15, 16, 18, 22, 23, 26, 35, 36, 37. The middle value is 23.","The slowest runner’s time is removed because they tripped. What is the median of the other 7 times? Given: Finishing times for 8 runners (seconds): 71, 63, 49, 56, 71, 65, 51, 50. Answer: 56. Remove the largest time, 71. The remaining ordered times are 49, 50, 51, 56, 63, 65, 71; the middle one is 56.","Pass all earlier weekly quizzes at 80% or higher","Demo only; all activities unlocked for review"
"7","Statistics","3","Median and mode","Lesson 2","Find an even-sized median","I am learning to find the median when there are two middle values","AC9M7ST01","Average the two middle values in the ordered list.","What is the median? Given: Seedling heights (cm): 23, 16, 37, 22, 36, 35, 26, 18, 40, 17. Answer: 24.5. Ordered: 16, 17, 18, 22, 23, 26, 35, 36, 37, 40. The two middle values are 23 and 26; their mean is 24.5.","A student ordered these values and chose 12 as the median. Type the correct median. Given: Seedling heights (cm): 26, 9, 18, 35, 28, 12, 10, 12. Answer: 15. With an even number of values there are two middle values, 12 and 18. The median is their mean: 15.","One more value, 7, is recorded. What is the median of all 8 values? Given: Seedling heights (cm): 35, 26, 9, 18, 35, 28, 12. Answer: 22. Ordered with 7: 7, 9, 12, 18, 26, 28, 35, 35. The two middle values give 22.","Complete the previous lesson","Demo only; all activities unlocked for review"
"7","Statistics","3","Median and mode","Lesson 3","Identify modes","I am learning to identify the most frequent value or values","AC9M7ST01","A mode is a value with the greatest frequency; ties can give more than one mode.","What is the mode? If there is more than one mode, type each one, separated by commas. Given: Seedling heights (cm): 17, 17, 10, 12, 18, 10, 10, 14, 9, 12, 18, 14, 18. Answer: 10, 18. 10, 18 each occur 3 times, more than any other value, so both are modes.","A student says the mode is 9 because it is the biggest number in the Frequency column. Type the correct mode. Given: Shoe sizes in a class. Shoe size; Frequency: 6, 6; 5, 9; 7, 4; 8, 2; 8, 8. Answer: 5. 9 is how often the mode occurs. The mode is the value with that frequency: size 5.","The shop will reorder more of its most popular size. Which size should it reorder? Given: Dot plot of Shoe sizes sold this week: 5, 6, 7, 9, 9, 9, 11. Answer: 9. The tallest stack of dots is above 9, so that size sold most often.","Complete the previous lesson","Demo only; all activities unlocked for review"
"7","Statistics","3","Median and mode","Weekly Quiz","Weekly Quiz","Apply the three weekly lesson skills","AC9M7ST01","15 questions: five per lesson (2 fluency, 1 reasoning, 2 application)","","","","Complete three lessons; at least 12/15 (80%) to pass","Demo only; all activities unlocked for review"
"7","Statistics","4","Spread and extreme values","Lesson 1","Calculate a range","I am learning to use minimum and maximum to describe spread","AC9M7ST01","Subtract the smallest observation from the largest observation.","What is the range? Given: Seedling heights (cm): 9.3, 18, 34.7, 27.9, 11.9, 10.3. Answer: 25.4. Largest 34.7 − smallest 9.3 = 25.4.","A data set has a range of 17 and its largest value is 32. What is its smallest value? Given: See the question text. Answer: 15. Range = largest − smallest, so smallest = 32 − 17 = 15.","How much greater is the range of Class B’s times than the range of Class A’s? Given: Times to solve a puzzle (seconds). Class; Times: A, 17, 28, 20, 28, 27, 22; B, 17, 38, 16, 30, 30, 27. Answer: 11. Range A = 28 − 17 = 11. Range B = 38 − 16 = 22. Difference = 11.","Pass all earlier weekly quizzes at 80% or higher","Demo only; all activities unlocked for review"
"7","Statistics","4","Spread and extreme values","Lesson 2","Investigate an outlier and mean","I am learning to explain how an extreme value affects the mean","AC9M7ST01","Compare the old total and count with the new total and count.","An unusually large value of 49 is added. By how much does the mean increase? Given: Seedling heights (cm): 9, 18, 33, 28, 12, 26. Answer: 4. Old mean = 126 ÷ 6 = 21. New mean = (126 + 49) ÷ 7 = 25. Increase = 4.","10 values have a mean of 24. One of them is an outlier of 51. What is the mean of the other 9 values? Given: See the question text. Answer: 21. Total of all 10 = 10 × 24 = 240. Remove 51: 189. Mean of the other 9 = 189 ÷ 9 = 21.","One value was typed as 240 instead of 24. By how much does the mean decrease when it is corrected? Given: Minutes of homework recorded (cm): 19, 35, 29, 13, 240, 11. Answer: 36. The total falls by 240 − 24 = 216. Spread over 6 values, the mean falls by 216 ÷ 6 = 36.","Complete the previous lesson","Demo only; all activities unlocked for review"
"7","Statistics","4","Spread and extreme values","Lesson 3","Investigate an outlier and median","I am learning to compare the effect of an extreme value on median and mean","AC9M7ST01","Reorder the data and locate the middle positions after a change.","A new value of 60 is added. What is the new median? Given: Seedling heights (cm): 26, 9, 18, 35, 28, 12, 10. Answer: 22. Ordered: 9, 10, 12, 18, 26, 28, 35, 60. The middle position moves only slightly, giving 22.","An outlier of 49 is added. By how much does each measure increase? Given: Seedling heights (cm): 9, 18, 33, 28, 12, 26. Answer: 4, 4. New mean = (126 + 49) ÷ 7 = 25, up 4. The median moves from 22 to 26, up 4. The mean is far more affected.","A mansion in the street sells for 2245 thousand dollars. What is the new median price? Given: Recent house sale prices (thousand dollars): 705, 465, 590, 825, 730, 505, 480. Answer: 647.5. Ordered: 465, 480, 505, 590, 705, 730, 825, 2245. The middle of the ordered prices is 647.5; one extreme sale barely moves it.","Complete the previous lesson","Demo only; all activities unlocked for review"
"7","Statistics","4","Spread and extreme values","Weekly Quiz","Weekly Quiz","Apply the three weekly lesson skills","AC9M7ST01","15 questions: five per lesson (2 fluency, 1 reasoning, 2 application)","","","","Complete three lessons; at least 12/15 (80%) to pass","Demo only; all activities unlocked for review"
"7","Statistics","5","Choose and compare summaries","Lesson 1","Choose a representative centre","I am learning to justify a useful measure of typical value","AC9M7ST01","Use the distribution and context to choose mean, median or mode.","Which measure best describes a typical value for waiting times where one person waited for hours? Type mean, median or mode. Given: See the question text. Answer: Median. A few extreme values pull the mean away from most of the data; the median stays in the middle.","For these values the mean is 59.2857 and the median is 51. Someone wants the values to look as high as possible. Which measure would they quote? Type mean or median. Given: Weekly earnings from a part-time job (dollars): 46, 57, 42, 53, 40, 126, 51. Answer: Mean. The one very large value pulls the mean above the median.","Which summary best represents a typical wait for this group? Given: Waiting times (minutes): 6, 7, 7, 8, 9, 41. Answer: Median: the long wait pulls the mean up. The single long wait pulls the mean above most of the values; the median stays in the middle.","Pass all earlier weekly quizzes at 80% or higher","Demo only; all activities unlocked for review"
"7","Statistics","5","Choose and compare summaries","Lesson 2","Same centre, different data","I am learning to build and compare data sets that share a mean or median","AC9M7ST01","Mean × count gives the total, so different sets with the same total share a mean; compare their ranges too.","Type the mean of each group. Given: Two groups of scores. Group; Scores: A, 21, 14, 24, 23, 18; B, 28, 26, 8, 16, 22. Answer: 20, 20. A: 100 ÷ 5 = 20. B: 100 ÷ 5 = 20. The means are equal, but Group B’s range (20) is larger than Group A’s (10).","Group B has the same mean as Group A. What is the missing Group B score? Given: Two groups of scores. Group; Scores: A, 21, 14, 24, 23, 18; B, 28, 26, 8, 16, ?. Answer: 22. Group A’s mean is 20, so Group B’s total must be 5 × 20 = 100. Known B scores total 78, so the missing score is 22.","Both players have the same mean. The coach wants the more consistent player. Which player? Type A or B. Given: Points scored in five games. Player; Points: A, 28, 26, 8, 16, 22; B, 21, 14, 24, 23, 18. Answer: B. Ranges: A = 20, B = 10. The smaller range means more consistent scoring, so choose B.","Complete the previous lesson","Demo only; all activities unlocked for review"
"7","Statistics","5","Choose and compare summaries","Lesson 3","Compare groups fairly","I am learning to compare centre and spread in context","AC9M7ST01","Use comparable units and describe both typical values and variability.","What is the difference between the two groups’ median journey times? Given: Journey times (minutes). Group; Times: A, 37, 31, 20, 26, 37, 33, 22; B, 17, 18, 16, 21, 29, 23, 42. Answer: 10. Median A = 31, median B = 21. Difference = 10.","Which statement matches the table? Given: Journey times (minutes). Group; Mean; Range: A, 29, 6; B, 31, 3. Answer: B has a higher mean and a smaller range than A. The mean compares typical times; the range compares the gap between the extremes. Neither tells you about every single journey.","Class A has 17 students with a mean score of 66. Class B has 18 students with a mean score of 73. What is the mean score of all 35 students together? Given: See the question text. Answer: 69.6. Totals: 17 × 66 = 1122 and 18 × 73 = 1314. Combined mean = 2436 ÷ 35 = 69.6.","Complete the previous lesson","Demo only; all activities unlocked for review"
"7","Statistics","5","Choose and compare summaries","Weekly Quiz","Weekly Quiz","Apply the three weekly lesson skills","AC9M7ST01","15 questions: five per lesson (2 fluency, 1 reasoning, 2 application)","","","","Complete three lessons; at least 12/15 (80%) to pass","Demo only; all activities unlocked for review"
"7","Statistics","6","Stem-and-leaf plots","Lesson 1","Read a stem-and-leaf key","I am learning to interpret values using a stem-and-leaf key","AC9M7ST02","Join each stem and leaf according to the stated key.","What value does 4 | 3 represent? Given: Stem-and-leaf plot (key 4 | 1 = 4.1 kg): 4 | 1 2 3 3 6 9; 5 | 8; 6 | 4. Answer: 4.3. Use the key: stem 4 and leaf 3 make 4.3 kg.","A student read 8 | 9 as 89 kg. Use the key to type the correct value. Given: Stem-and-leaf plot (key 6 | 8 = 6.8 kg): 6 | 8 8 9; 7 | 3 6; 8 | 1 4 5 6 9. Answer: 8.9. The key shows the leaf is tenths of a kilogram: 8 | 9 = 8.9 kg.","Runners slower than 65 minutes must train again next week. How many runners is that? Given: Stem-and-leaf plot (key 6 | 8 = 68 minutes): 6 | 8 9; 7 | 3 6 8; 8 | 1 1 4 5 6 9. Answer: 11. Count the leaves for values greater than 65: 68, 69, 73, 76, 78, 81, 81, 84, 85, 86, 89. That is 11 runners.","Pass all earlier weekly quizzes at 80% or higher","Demo only; all activities unlocked for review"
"7","Statistics","6","Stem-and-leaf plots","Lesson 2","Construct ordered leaves","I am learning to organise observations into ordered stem-and-leaf rows","AC9M7ST02","Keep every observation, including repeats, and order leaves within each stem.","You are making an ordered stem-and-leaf plot with key 3 | 4 = 34 cm. Type the leaves for stem 3, smallest first. Given: Lengths of fish caught (cm): 34, 32, 31, 42, 32, 49, 35, 43, 39, 41. Answer: 1, 2, 2, 4, 5, 9. The values in the 30s are 31, 32, 32, 34, 35, 39. Keep the repeats and order the units digits: 1, 2, 2, 4, 5, 9.","A student wrote stem 3 as “1 2 4 5 9”. Type the correct ordered leaves for stem 3. Given: Lengths of fish caught (cm): 34, 32, 31, 42, 32, 49, 35, 43, 39, 41. Answer: 1, 2, 2, 4, 5, 9. The student dropped a repeated value. Every observation needs its own leaf: 1, 2, 2, 4, 5, 9.","Use the key 3 | 4 = 3.4 kg. Type the leaves for stem 3, smallest first. Given: Masses of apples (kg): 3.4, 3.2, 3.1, 4.2, 3.2, 4.9, 3.5, 4.3, 3.9, 4.1. Answer: 1, 2, 2, 4, 5, 9. With this key the stem is whole kilograms and the leaf is tenths. The 3.something values give leaves 1, 2, 2, 4, 5, 9.","Complete the previous lesson","Demo only; all activities unlocked for review"
"7","Statistics","6","Stem-and-leaf plots","Lesson 3","Summarise a stem-and-leaf plot","I am learning to calculate median and range from a stem-and-leaf display","AC9M7ST02","Read the ordered observations using the key, then calculate the summary.","What is the median? Given: Stem-and-leaf plot (key 6 | 8 = 68 minutes): 6 | 8 9; 7 | 3 6 8; 8 | 1 1 4 5 6 9. Answer: 81. There are 11 leaves. Ordered, the middle value is 81.","A student said the range is 20 because there are three stems. Type the correct range. Given: Stem-and-leaf plot (key 6 | 8 = 68 minutes): 6 | 8 9; 7 | 3 6 8; 8 | 1 1 4 5 6 9. Answer: 21. Range = largest − smallest = 89 − 68 = 21.","A new student’s time of 61 minutes is added to this plot. What is the new median? Given: Stem-and-leaf plot (key 6 | 8 = 68 minutes): 6 | 8 9; 7 | 3 6 8; 8 | 1 1 4 5 6 9. Answer: 79.5. There are now 12 values. Ordered, the middle two values give 79.5.","Complete the previous lesson","Demo only; all activities unlocked for review"
"7","Statistics","6","Stem-and-leaf plots","Weekly Quiz","Weekly Quiz","Apply the three weekly lesson skills","AC9M7ST02","15 questions: five per lesson (2 fluency, 1 reasoning, 2 application)","","","","Complete three lessons; at least 12/15 (80%) to pass","Demo only; all activities unlocked for review"
"7","Statistics","7","Construct useful displays","Lesson 1","Build a dot plot","I am learning to represent numerical observations with one dot each","AC9M7ST02","Stack dots above their values; every observation contributes one dot.","When you draw a dot plot of this data, how many dots go above 5? Given: Number of pets owned by students (pets): 5, 6, 9, 8, 5, 5, 5, 5, 6, 7, 6, 10. Answer: 5. Every observation of 5 gets its own dot: there are 5.","This dot plot should show the data 5, 5, 5, 5, 5, 6, 6, 6, 7, 8, 9, 10. One dot is missing. Above which value? Given: Dot plot of A student’s dot plot: 5, 5, 5, 5, 6, 6, 6, 7, 8, 9, 10. Answer: 5. Count the dots above each value and compare with the data. There should be 5 above 5, but only 4 are shown.","What is the median number of pets? Given: Dot plot of Number of pets owned by students: 5, 5, 5, 5, 5, 6, 6, 6, 7, 8, 9, 10. Answer: 6. There are 12 dots. Count along from the left to the middle two dots: the median is 6.","Pass all earlier weekly quizzes at 80% or higher","Demo only; all activities unlocked for review"
"7","Statistics","7","Construct useful displays","Lesson 2","Connect frequencies and displays","I am learning to recover frequencies and totals from a display","AC9M7ST02","Read how many observations occur at each value and check the total.","How many students are represented altogether? Given: Books read. Value 4: frequency 5; Value 5: frequency 1; Value 6: frequency 3; Value 7: frequency 7; Value 8: frequency 5. Answer: 21. Add the frequencies, not the values: 5 + 1 + 3 + 7 + 5 = 21.","A student says 21 students read more than 5 books because they added the values. How many students actually read more than 5 books? Given: Books read. Value 4: frequency 5; Value 5: frequency 1; Value 6: frequency 3; Value 7: frequency 7; Value 8: frequency 5. Answer: 15. Add the frequencies for values greater than 5: 3 + 7 + 5 = 15.","What is the mean number of books read? Given: Dot plot of Books read this term: 4, 4, 4, 4, 5, 6, 6, 7, 7, 7, 7, 7, 8, 8, 8, 8. Answer: 6.25. Total books = 4 × 4 + 5 × 1 + 6 × 2 + 7 × 5 + 8 × 4 = 100. There are 16 students, so the mean is 6.25.","Complete the previous lesson","Demo only; all activities unlocked for review"
"7","Statistics","7","Construct useful displays","Lesson 3","Compare groups with displays","I am learning to compare two groups using back-to-back stem-and-leaf plots and parallel dot plots","AC9M7ST02","Put both groups on a common scale, then compare their centres and spreads.","Group A’s leaves are on the left. What is the largest value in Group A? Given: Stem-and-leaf plot (key 1 | 5 = 51 for Group A; 5 | 1 = 51 for Group B (hundredths of a second)): 6 8 | 5 | 1 8; 3 4 6 | 6 | 4 8; 4 5 6 | 7 | 1 1 9. Answer: 76. Read left-side leaves outward from the stem: the largest is stem 7 with leaf 6, which is 76.","Which group has the higher median reaction time? Type A or B. Given: Stem-and-leaf plot (key 1 | 5 = 51 for Group A; 5 | 1 = 51 for Group B (hundredths of a second)): 6 8 | 5 | 1 8; 3 4 6 | 6 | 4 8; 4 5 6 | 7 | 1 1 9. Answer: B. Median A = 65, median B = 68, so Group B is higher.","By how many hours do the two medians differ? Given: Dot plot of Hours of sport per week: Year 7 3, 4, 5, 6, 6, 7, 7, 8, 8, 9, 9; Year 9 5, 6, 6, 7, 7, 8, 8, 9, 10, 11, 12. Answer: 1. Median Year 7 = 7, median Year 9 = 8. Difference = 1 hours.","Complete the previous lesson","Demo only; all activities unlocked for review"
"7","Statistics","7","Construct useful displays","Weekly Quiz","Weekly Quiz","Apply the three weekly lesson skills","AC9M7ST02","15 questions: five per lesson (2 fluency, 1 reasoning, 2 application)","","","","Complete three lessons; at least 12/15 (80%) to pass","Demo only; all activities unlocked for review"
"7","Statistics","8","Shape of distributions","Lesson 1","Describe symmetry, skew and bimodal shapes","I am learning to describe a distribution as symmetric, positively or negatively skewed, or bimodal","AC9M7ST02","A long right tail is positive skew, a long left tail is negative skew, and two separate peaks make a bimodal shape.","Describe the shape of this distribution. Type positive (skew), negative (skew), symmetric or bimodal. Given: Value. Value 1: frequency 2; Value 2: frequency 6; Value 3: frequency 4; Value 4: frequency 1; Value 5: frequency 1; Value 6: frequency 5; Value 7: frequency 6; Value 8: frequency 2. Answer: Bimodal. There are two separate peaks, so it is bimodal.","A student said this is negatively skewed because the tallest stacks are on the left. Type the correct shape: positive or negative. Given: Dot plot of Distribution of results: 1, 2, 2, 2, 2, 2, 3, 3, 3, 3, 3, 3, 3, 3, 4, 4, 4, 4, 4, 4, 5, 5, 5, 6, 6, 7. Answer: Positive. Name skew by the tail, not the peak. Most values are on the left and the sparse tail stretches to the right, so it is positively skewed.","What shape would you expect for travel times to school, where a few students live very far away? Type positive, negative, symmetric or bimodal. Given: See the question text. Answer: Positive. Most values are low with a few much larger values, so the tail is on the right.","Pass all earlier weekly quizzes at 80% or higher","Demo only; all activities unlocked for review"
"7","Statistics","8","Shape of distributions","Lesson 2","Identify clusters and gaps","I am learning to describe notable features of a numerical distribution","AC9M7ST02","Identify groups of nearby values, gaps and unusually distant observations.","There is a gap in this dot plot. Type the last value before the gap and the first value after it. Given: Dot plot of Minutes late to training: 9, 10, 10, 11, 11, 11, 11, 12, 12, 16, 17. Answer: 12, 16. No dots appear from 13 to 15, so the gap lies between 12 and 16.","Which value is the outlier? Given: Dot plot of Points scored per game: 9, 10, 10, 11, 11, 11, 12, 12, 12, 13, 20. Answer: 20. 20 sits far from the main cluster of 9 to 13.","The value 401 was a recording error and is removed. What is the new range? Given: Seedling heights (cm): 13, 21, 9, 17, 8, 401, 17. Answer: 13. Without 401, the range is 21 − 8 = 13.","Complete the previous lesson","Demo only; all activities unlocked for review"
"7","Statistics","8","Shape of distributions","Lesson 3","Connect shape and centre","I am learning to explain how shape affects mean and median","AC9M7ST02","In a symmetric distribution the mean and median are equal or close; in a skewed one the mean is pulled toward the tail.","Type the mean and the median. Given: Seedling heights (cm): 10, 15, 9, 13, 8, 30, 13. Answer: 14, 13. Mean = 98 ÷ 7 = 14. Ordered, the median is 13. The large value pulls the mean above the median.","Which is larger for this data: the mean or the median? Type mean, median or equal. Given: Dot plot of Distribution of results: 1, 2, 2, 3, 3, 3, 3, 4, 4, 4, 4, 4, 4, 5, 5, 5, 5, 5, 5, 6, 6, 6, 6, 7, 7, 8. Answer: Equal. The distribution is symmetric, so the mean and median are both at the centre.","This distribution is symmetric. Without adding the values, what is the mean? Given: Dot plot of Lengths of leaves: 8, 8, 9, 9, 9, 10, 10, 10, 10, 10, 11, 11, 11, 11, 11, 11, 12, 12, 12, 12, 12, 13, 13, 13, 14, 14. Answer: 11. In a symmetric distribution the mean equals the median, at the centre: 11.","Complete the previous lesson","Demo only; all activities unlocked for review"
"7","Statistics","8","Shape of distributions","Weekly Quiz","Weekly Quiz","Apply the three weekly lesson skills","AC9M7ST02","15 questions: five per lesson (2 fluency, 1 reasoning, 2 application)","","","","Complete three lessons; at least 12/15 (80%) to pass","Demo only; all activities unlocked for review"
"7","Statistics","9","Conduct and evaluate investigations","Lesson 1","Choose a fair comparison","I am learning to plan comparable conditions for an investigation","AC9M7ST03","Keep relevant conditions consistent and collect repeated observations.","Two fertilisers are compared on seedlings. Which method is fairer? Given: See the question text. Answer: Give both groups the same water, light and pot size, and measure every seedling. Keep everything except the thing being tested the same, and collect repeated observations.","Design A was flown 10 times and Design B only twice. What limits the conclusion? Given: See the question text. Answer: Two flights may not show how Design B usually performs. A fair comparison changes only one thing and collects enough observations of each design.","On average, how much further did Design B fly than Design A? Given: Flight distances under the same conditions (m). Design; Distances: A, 7, 4, 5, 8, 7, 5; B, 9, 11, 8, 11, 7, 8. Answer: 3. Mean A = 36 ÷ 6 = 6. Mean B = 54 ÷ 6 = 9. Difference = 3 m.","Pass all earlier weekly quizzes at 80% or higher","Demo only; all activities unlocked for review"
"7","Statistics","9","Conduct and evaluate investigations","Lesson 2","Check unusual measurements","I am learning to decide how to handle an unusual observation","AC9M7ST03","Check units, recording and measurement before deciding what to do.","A reaction time of 0 seconds appears in the data. What should the investigator do? Given: See the question text. Answer: Check the recording, because a reaction time cannot be 0 seconds. An unusual value may be a real observation or an error. Check it before deciding what to do.","One height was recorded in metres by mistake. Type that value in centimetres. Given: Student heights (cm): 155, 136, 1.46, 164, 157, 160. Answer: 146. 1.46 m × 100 = 146 cm.","One height was recorded in metres by mistake. After correcting it, what is the mean height? Given: Student heights (cm): 155, 136, 1.46, 164, 157, 160. Answer: 153. Correct 1.46 m to 146 cm. Total = 918, so the mean is 918 ÷ 6 = 153.","Complete the previous lesson","Demo only; all activities unlocked for review"
"7","Statistics","9","Conduct and evaluate investigations","Lesson 3","Evaluate a design improvement","I am learning to use distributions to evaluate a practical claim","AC9M7ST03","Compare typical performance and variation under matched conditions.","Type the mean distance for each design. Given: Distances under matched conditions (cm). Design; Distances: A, 41, 30, 47, 46, 36; B, 35, 39, 54, 41, 46. Answer: 40, 43. A: 200 ÷ 5 = 40. B: 215 ÷ 5 = 43.","Which statement fairly describes these results? Given: Distances under matched conditions (cm). Design; Distances: A, 41, 30, 47, 46, 36; B, 35, 39, 54, 41, 46. Answer: B’s mean is 3 cm greater than A’s, and B’s range is larger. Means: A 40, B 43. Ranges: A 17, B 19. Describe what was recorded without claiming certainty about every future trial.","By what percentage is Design B’s mean distance greater than Design A’s? Given: Distances under matched conditions (cm). Design; Distances: A (old), 28, 28, 32, 32, 30; B (new), 35, 34, 39, 29, 28. Answer: 10. Means: A = 30, B = 33. Increase = 3 cm. As a percentage of A: 3 ÷ 30 × 100 = 10%.","Complete the previous lesson","Demo only; all activities unlocked for review"
"7","Statistics","9","Conduct and evaluate investigations","Weekly Quiz","Weekly Quiz","Apply the three weekly lesson skills","AC9M7ST03","15 questions: five per lesson (2 fluency, 1 reasoning, 2 application)","","","","Complete three lessons; at least 12/15 (80%) to pass","Demo only; all activities unlocked for review"
"7","Statistics","10","Report a statistical investigation","Lesson 1","Analyse continuous measurements","I am learning to summarise measured data with units","AC9M7ST03","Calculate a suitable centre and range, then describe the distribution.","What is the mean growth? Given: Growth of bean plants in one week (cm): 5.3, 4.1, 1.6, 2.9, 5.3. Answer: 3.84. Total = 19.2 cm. Mean = 19.2 ÷ 5 = 3.84 cm.","Type the median and the range. Given: Growth of bean plants in one week (cm): 5.3, 4.1, 1.6, 2.9, 5.3. Answer: 4.1, 3.7. Ordered: 1.6, 2.9, 4.1, 5.3, 5.3. Median = 4.1. Range = 5.3 − 1.6 = 3.7.","How much greater is the mean growth with fertiliser? Given: Growth in one week (cm). Group; Growth: No fertiliser, 3.6, 2.9, 1.6, 2.3, 3.6; With fertiliser, 4.7, 2.9, 2.7, 2.9, 2.6. Answer: 0.36. Means: 2.8 cm and 3.16 cm. Difference = 0.36 cm.","Pass all earlier weekly quizzes at 80% or higher","Demo only; all activities unlocked for review"
"7","Statistics","10","Report a statistical investigation","Lesson 2","Support a conclusion","I am learning to report a claim supported by the data","AC9M7ST03","State the comparison, numerical evidence and a relevant limitation.","What do these results show? Given: Reaction time investigation. Group; Median (s); Range (s): A, 0.29, 0.08; B, 0.33, 0.05. Answer: A has the lower median time, and B has the smaller range. A lower median time means faster typical reactions; a smaller range means less spread between the extremes.","A report claims Group B reacts faster than Group A. Which evidence best supports the claim? Given: See the question text. Answer: Group B’s median time is 0.06 s lower than Group A’s. A claim about typical performance needs a comparison of a centre, such as the median, not one person or the group size.","The adults’ median reaction time was 0.36 s. How many seconds lower is the teenagers’ median? Given: Teenagers’ reaction times (s): 0.32, 0.27, 0.18, 0.23, 0.32. Answer: 0.09. Teenagers’ median = 0.27 s. Difference = 0.36 − 0.27 = 0.09 s.","Complete the previous lesson","Demo only; all activities unlocked for review"
"7","Statistics","10","Report a statistical investigation","Lesson 3","Recognise investigation limits","I am learning to limit a conclusion to what the investigation supports","AC9M7ST03","Explain which people, objects or conditions the collected data represent.","A small group was measured once at the start of the day. What should the report point out? Given: See the question text. Answer: Other groups or times of day may give different results. Keep the conclusion within the people, conditions and evidence actually studied.","An investigation into how far students in the school travel to school measured one class. Which change would let the conclusion apply more widely? Given: See the question text. Answer: Survey a random sample of students from every year level. A random sample from the whole group of interest is more likely to represent it than a convenient group.","A survey asked 180 students at a school of 1200 students. What percentage of the school was surveyed? Given: See the question text. Answer: 15. 180 ÷ 1200 × 100 = 15%. The rest of the school was not surveyed, so the report should say so.","Complete the previous lesson","Demo only; all activities unlocked for review"
"7","Statistics","10","Report a statistical investigation","Investigation Task","Reaction time investigation","I am learning to plan, conduct and report a statistical investigation comparing two groups","AC9M7ST03; AC9M7ST01; AC9M7ST02","Teacher-marked ruler-drop investigation with a five-criterion rubric (plan, collect and classify, display, summarise and analyse, report). Task and rubric: docs/lessons/statistics7-reaction-time-investigation.md","","","","Teacher-marked; does not gate the post-test","Demo only; all activities unlocked for review"
"7","Statistics","10","Report a statistical investigation","Post-Test","Existing Level 7 Post-Test","Demonstrate Level 7 mastery","AC9M7ST03","Existing post-test unchanged","","","","Existing 85% post-test requirement","Demo only; all activities unlocked for review"
